FROM,ASID,SOURCE_ID,SURFACE_MA,LENGTH_M,WIDTH_M,STARTX,STARTY,ENDX,ENDY,DATE_OF_CO,OWNER,CURRENT_MA,CURRENTLY_,SECTION,XSP,STCHAIN,ENDCHAIN,ASSET_LEN,_DBFOCODE,_SOURCE,CREATEDATE,START_DATE,WKT
A19_Cycle_Track_0,1,2600000001,ASPHALT,340.108339638,1.5,445333.687531201,521566.782316805,445467.686264216,521257.910730377,01-JAN-1000,11,DBFO (AREA) 26,AUTOLINK,0700A19/396,L2,626.15,970.76,344.61,DBFO26,ADC,27/09/2018 09:38:44,01-JAN-1000,"linestring(445333.687531201 521566.782316805,445467.686264216 521257.910730377)"
A19_Cycle_Track_0,2,2600000002,ASPHALT,130.852153659,1.5,445511.220186829,522079.875445425,445433.840288396,521974.375644429,01-JAN-1000,11,DBFO (AREA) 26,AUTOLINK,0700A19/396,L2,18.7,150.25,131.55,DBFO26,ADC,27/09/2018 09:38:44,01-JAN-1000,"linestring(445511.220186829 522079.875445425,445433.840288396 521974.375644429)"
A19_Cycle_Track_0,3,2600000003,ASPHALT,13.268453006,1.5,445519.374552258,522090.342449276,445511.220186829,522079.875445425,01-JAN-1000,11,DBFO (AREA) 26,AUTOLINK,0700A19/396,L2,5.6,18.7,13.1,DBFO26,ADC,27/09/2018 09:38:44,01-JAN-1000,"linestring(445519.374552258 522090.342449276,445511.220186829 522079.875445425)"
A19_Cycle_Track_0,4,2600000004,ASPHALT,9.207437493,1.2,445518.566536271,522086.153648308,445526.597225783,522081.714918881,01-JAN-1000,11,DBFO (AREA) 26,AUTOLINK,0700A19/396,LB,2.53,9,6.47,DBFO26,ADC,27/09/2018 09:38:44,01-JAN-1000,"linestring(445518.566536271 522086.153648308,445526.597225783 522081.714918881)"
A19_Cycle_Track_0,5,2600000005,ASPHALT,9.139900531,2,445345.840751264,521473.059144784,445353.813725348,521468.590423942,01-JAN-1000,11,DBFO (AREA) 26,AUTOLINK,0700A19/396,L1,720.69,727.88,7.18999999999994,DBFO26,ADC,27/09/2018 09:38:44,01-JAN-1000,"linestring(445345.840751264 521473.059144784,445353.813725348 521468.590423942)"
A19_Cycle_Track_0,6,2600000006,ASPHALT,328.281315614,2,441458.343912462,541802.37993724,441508.061630901,541477.932809264,01-JAN-1000,11,DBFO (AREA) 26,AUTOLINK,1300A19/615,L1,0,342.79,342.79,DBFO26,ADC,27/09/2018 09:38:44,01-JAN-1000,"linestring(441458.343912462 541802.37993724,441508.061630901 541477.932809264)"
A19_Cycle_Track_0,7,2600000007,ASPHALT,86.182606056,1.5,441508.061630901,541477.932809264,441513.404430495,541391.997408017,01-JAN-1000,11,DBFO (AREA) 26,AUTOLINK,1300A19/615,L2,342.79,432.66,89.87,DBFO26,ADC,27/09/2018 09:38:44,01-JAN-1000,"linestring(441508.061630901 541477.932809264,441513.404430495 541391.997408017)"
A19_Cycle_Track_0,8,2600000008,ASPHALT,40.251316472,1.5,441513.841418733,541382.370163787,441514.278406971,541342.121684794,01-JAN-1000,11,DBFO (AREA) 26,AUTOLINK,1300A19/615,L2,442.74,484.75,42.01,DBFO26,ADC,27/09/2018 09:38:44,01-JAN-1000,"linestring(441513.841418733 541382.370163787,441514.278406971 541342.121684794)"
A19_Cycle_Track_0,9,2600000009,ASPHALT,106.314516274,1.5,441514.253671788,541335.433599239,441514.558739049,541229.124030036,01-JAN-1000,11,DBFO (AREA) 26,AUTOLINK,1300A19/615,L2,491.75,603.79,112.04,DBFO26,ADC,27/09/2018 09:38:44,01-JAN-1000,"linestring(441514.253671788 541335.433599239,441514.558739049 541229.124030036)"
A19_Cycle_Track_0,10,2600000010,ASPHALT,16.927300921,2,441514.558739049,541229.124030036,441519.687167054,541212.998645879,01-JAN-1000,11,DBFO (AREA) 26,AUTOLINK,1300A19/615,L2,603.79,622.39,18.6,DBFO26,ADC,27/09/2018 09:38:44,01-JAN-1000,"linestring(441514.558739049 541229.124030036,441519.687167054 541212.998645879)"
A19_Cycle_Track_0,11,2600000011,ASPHALT,2.916288784,2,441519.687167054,541212.998645879,441520.660084264,541210.249432833,01-JAN-1000,11,DBFO (AREA) 26,AUTOLINK,1300A19/615,L1,622.39,625,2.61000000000001,DBFO26,ADC,27/09/2018 09:38:44,01-JAN-1000,"linestring(441519.687167054 541212.998645879,441520.660084264 541210.249432833)"
A19_Footway_0,1,2600000001,CONCRETE,94.013668165,2,442102.777888123,479147.654665789,442138.437777386,479234.589780871,01-JAN-1000,11,DBFO (AREA) 26,AUTOLINK,2700A168/232,L1,455.24,549.8,94.5599999999999,DBFO26,ADC,27/09/2018 09:38:44,01-JAN-1000,"linestring(442102.777888123 479147.654665789,442138.437777386 479234.589780871)"
A19_Footway_0,2,2600000002,CONCRETE,2.856221483,0.6,442101.903911647,479144.935444158,442102.777888123,479147.654665789,01-JAN-1000,11,DBFO (AREA) 26,AUTOLINK,2700A168/232,L1,452.37,455.24,2.87,DBFO26,ADC,27/09/2018 09:38:44,01-JAN-1000,"linestring(442101.903911647 479144.935444158,442102.777888123 479147.654665789)"
A19_Footway_0,3,2600000003,ASPHALT,28.743138568,1,439570.686643731,474854.433587539,439592.783407482,474872.808327824,01-JAN-1000,11,DBFO (AREA) 26,AUTOLINK,2700A168/140,L1,665.94,694.2,28.26,DBFO26,ADC,27/09/2018 09:38:44,01-JAN-1000,"linestring(439570.686643731 474854.433587539,439592.783407482 474872.808327824)"
A19_Footway_0,4,2600000004,ASPHALT,2.441307504,2,442497.188630956,485222.875651871,442497.089690222,485225.314953628,01-JAN-1000,11,DBFO (AREA) 26,AUTOLINK,2700A19/706,L1,0,156.44,156.44,DBFO26,ADC,27/09/2018 09:38:44,01-JAN-1000,"linestring(442497.188630956 485222.875651871,442497.089690222 485225.314953628)"
A19_Footway_0,5,2600000005,ASPHALT,143.226694029,1.5,442501.657454073,485079.746622129,442497.188630956,485222.875651871,01-JAN-1000,11,DBFO (AREA) 26,AUTOLINK,2700A19/706,L2,10.88,154.01,143.13,DBFO26,ADC,27/09/2018 09:38:44,01-JAN-1000,"linestring(442501.657454073 485079.746622129,442497.188630956 485222.875651871)"
A19_Footway_0,6,2600000006,ASPHALT,132.276459765,1.4,447204.747491934,520301.40452743,447264.8457423,520184.028126075,01-JAN-1000,11,DBFO (AREA) 26,AUTOLINK,0700A19/384,L1,0.52,133.95,133.43,DBFO26,ADC,27/09/2018 09:38:44,01-JAN-1000,"linestring(447204.747491934 520301.40452743,447264.8457423 520184.028126075)"
A19_Footway_0,7,2600000007,ASPHALT,15.504507913,1.4,447195.686169784,520313.940938919,447204.747491934,520301.40452743,01-JAN-1000,11,DBFO (AREA) 26,AUTOLINK,0700A19/386,L1,336.21,352,15.79,DBFO26,ADC,27/09/2018 09:38:44,01-JAN-1000,"linestring(447195.686169784 520313.940938919,447204.747491934 520301.40452743)"
A19_Footway_0,8,2600000008,ASPHALT,15.869023627,3.3,447056.468313092,517225.904880046,447045.090128773,517214.938019277,01-JAN-1000,11,DBFO (AREA) 26,AUTOLINK,0700A19/372,L1,0,11.22,11.22,DBFO26,ADC,27/09/2018 09:38:44,01-JAN-1000,"linestring(447056.468313092 517225.904880046,447045.090128773 517214.938019277)"
A19_Footway_0,9,2600000009,ASPHALT,10.467258213,3,447089.127000114,517332.594340506,447090.314288912,517322.317282283,01-JAN-1000,11,DBFO (AREA) 26,AUTOLINK,0700A19/376,L1,78.83,86,7.17,DBFO26,ADC,27/09/2018 09:38:44,01-JAN-1000,"linestring(447089.127000114 517332.594340506,447090.314288912 517322.317282283)"
A19_Footway_0,10,2600000010,ASPHALT,39.415755759,1,447171.627081491,520345.152004845,447195.686169784,520313.940938919,01-JAN-1000,11,DBFO (AREA) 26,AUTOLINK,0700A19/386,L1,294.75,336.21,41.46,DBFO26,ADC,27/09/2018 09:38:44,01-JAN-1000,"linestring(447171.627081491 520345.152004845,447195.686169784 520313.940938919)"
A19_Footway_0,11,2600000011,ASPHALT,227.222642158,2.5,446998.340632329,520489.810596753,447171.627081491,520345.152004845,01-JAN-1000,11,DBFO (AREA) 26,AUTOLINK,0700A19/386,L1,56.43,294.75,238.32,DBFO26,ADC,27/09/2018 09:38:44,01-JAN-1000,"linestring(446998.340632329 520489.810596753,447171.627081491 520345.152004845)"
A19_Footway_0,12,2600000012,ASPHALT,16.004521431,5,446984.002471075,520496.688627937,446998.340632329,520489.810596753,01-JAN-1000,11,DBFO (AREA) 26,AUTOLINK,0700A19/386,L1,39.63,56.43,16.8,DBFO26,ADC,27/09/2018 09:38:44,01-JAN-1000,"linestring(446984.002471075 520496.688627937,446998.340632329 520489.810596753)"
A19_Footway_0,13,2600000013,ASPHALT,61.406855463,3.5,446775.691002355,520575.716006586,446835.187363261,520569.277849489,01-JAN-1000,11,DBFO (AREA) 26,AUTOLINK,0700A19/390,L1,439.27,503.22,63.9500000000001,DBFO26,ADC,27/09/2018 09:38:44,01-JAN-1000,"linestring(446775.691002355 520575.716006586,446835.187363261 520569.277849489)"
A19_Footway_0,14,2600000014,ASPHALT,438.001113352,2.9,446359.282436505,520702.629677925,446775.691002355,520575.716006586,01-JAN-1000,11,DBFO (AREA) 26,AUTOLINK,0700A19/390,L2,1.06,439.27,438.21,DBFO26,ADC,27/09/2018 09:38:44,01-JAN-1000,"linestring(446359.282436505 520702.629677925,446775.691002355 520575.716006586)"
A19_Footway_0,15,2600000015,CONCRETE,5.506053503,1.5,449531.157442098,515202.783992376,449536.343585531,515200.934521782,01-JAN-1000,11,DBFO (AREA) 26,AUTOLINK,0700A174/40,L1,182.22,186.89,4.66999999999999,DBFO26,ADC,27/09/2018 09:38:44,01-JAN-1000,"linestring(449531.157442098 515202.783992376,449536.343585531 515200.934521782)"
A19_Footway_0,16,2600000016,CONCRETE,6.229646676,2,449394.841846914,515260.657426278,449393.159854449,515266.655709288,01-JAN-1000,11,DBFO (AREA) 26,AUTOLINK,0700A174/55,R1,13.16,14.77,1.61,DBFO26,ADC,27/09/2018 09:38:44,01-JAN-1000,"linestring(449394.841846914 515260.657426278,449393.159854449 515266.655709288)"
A19_Footway_0,17,2600000017,CONCRETE,26.07037861,2,449396.655760356,515250.410359471,449406.970331794,515226.467213125,01-JAN-1000,11,DBFO (AREA) 26,AUTOLINK,0700A174/55,L1,18.42,21.09,2.67,DBFO26,ADC,27/09/2018 09:38:44,01-JAN-1000,"linestring(449396.655760356 515250.410359471,449406.970331794 515226.467213125)"
A19_Footway_0,18,2600000018,CONCRETE,5.808824085,1.5,449433.873966167,515279.152132224,449438.029476961,515275.093294054,01-JAN-1000,11,DBFO (AREA) 26,AUTOLINK,0700A174/56,L1,151.5,151.99,0.490000000000009,DBFO26,ADC,27/09/2018 09:38:44,01-JAN-1000,"linestring(449433.873966167 515279.152132224,449438.029476961 515275.093294054)"
A19_Footway_0,19,2600000019,CONCRETE,10.386201602,1.5,449427.591229608,515284.840503944,449419.37090369,515291.188686796,01-JAN-1000,11,DBFO (AREA) 26,AUTOLINK,0700A174/56,R1,153.01,155.01,2,DBFO26,ADC,27/09/2018 09:38:44,01-JAN-1000,"linestring(449427.591229608 515284.840503944,449419.37090369 515291.188686796)"
A19_Footway_0,20,2600000020,CONCRETE,77.627563512,1.5,449470.844820144,515185.74886863,449400.687595235,515218.629456659,01-JAN-1000,11,DBFO (AREA) 26,AUTOLINK,0700A174/36,L1,175.23,252.69,77.46,DBFO26,ADC,27/09/2018 09:38:44,01-JAN-1000,"linestring(449470.844820144 515185.74886863,449400.687595235 515218.629456659)"
A19_Footway_0,21,2600000021,CONCRETE,172.177972973,1.5,449603.87888101,515077.129960469,449470.844820144,515185.74886863,01-JAN-1000,11,DBFO (AREA) 26,AUTOLINK,0700A174/36,L2,5.26,175.23,169.97,DBFO26,ADC,27/09/2018 09:38:44,01-JAN-1000,"linestring(449603.87888101 515077.129960469,449470.844820144 515185.74886863)"
A19_Footway_0,22,2600000022,CONCRETE,68.572983006,2,451732.061072182,515540.377357281,451668.62357207,515545.595863499,01-JAN-1000,11,DBFO (AREA) 26,AUTOLINK,0700A174/50,L2,5.26,80.23,74.97,DBFO26,ADC,27/09/2018 09:38:44,01-JAN-1000,"linestring(451732.061072182 515540.377357281,451668.62357207 515545.595863499)"
A19_Footway_0,23,2600000023,CONCRETE,31.726527381,1.5,451731.253056194,515551.46418371,451710.18692508,515575.187393012,01-JAN-1000,11,DBFO (AREA) 26,AUTOLINK,0700A174/50,R2,11.34,37.33,25.99,DBFO26,ADC,27/09/2018 09:38:44,01-JAN-1000,"linestring(451731.253056194 515551.46418371,451710.18692508 515575.187393012)"
A19_Footway_0,24,2600000024,CONCRETE,8.221861641,1.8,451704.060844682,515581.785504322,451698.437713011,515587.783787331,01-JAN-1000,11,DBFO (AREA) 26,AUTOLINK,0700A174/57,R1,3.07,5.64,2.57,DBFO26,ADC,27/09/2018 09:38:44,01-JAN-1000,"linestring(451704.060844682 515581.785504322,451698.437713011 515587.783787331)"
A19_Footway_0,25,2600000025,CONCRETE,15.622936793,1.5,451747.561787052,515564.72038916,451737.502812508,515576.656972349,01-JAN-1000,11,DBFO (AREA) 26,AUTOLINK,0700A174/54,L1,44.25,55.28,11.03,DBFO26,ADC,27/09/2018 09:38:44,01-JAN-1000,"linestring(451747.561787052 515564.72038916,451737.502812508 515576.656972349)"
A19_Footway_0,26,2600000026,CONCRETE,10.887361798,1.5,451753.498231045,515562.870918566,451760.597228653,515555.313081974,01-JAN-1000,11,DBFO (AREA) 26,AUTOLINK,0700A174/54,L1,59.6,69.7,10.1,DBFO26,ADC,27/09/2018 09:38:44,01-JAN-1000,"linestring(451753.498231045 515562.870918566,451760.597228653 515555.313081974)"
A19_Footway_0,27,2600000027,CONCRETE,11.415685523,1.5,453481.25078478,516703.934292573,453475.685368537,516713.901439507,01-JAN-1000,11,DBFO (AREA) 26,AUTOLINK,0700A174/64,R1,409.92,410,0.0799999999999841,DBFO26,ADC,27/09/2018 09:38:44,01-JAN-1000,"linestring(453481.25078478 516703.934292573,453475.685368537 516713.901439507)"
A19_Footway_0,28,2600000028,CONCRETE,10.733376609,2.5,453484.375662937,516696.466430226,453488.621869404,516686.629246091,01-JAN-1000,11,DBFO (AREA) 26,AUTOLINK,0700A174/64,LE,399.266623391,410,10.733376609,DBFO26,ADC,27/09/2018 09:38:44,01-JAN-1000,"linestring(453484.375662937 516696.466430226,453488.621869404 516686.629246091)"
A19_Footway_0,29,2600000029,CONCRETE,43.893128179,4,456915.434164244,519324.874056369,456887.466916989,519291.063734473,01-JAN-1000,11,DBFO (AREA) 26,AUTOLINK,0700A174/96,L1,2,45.81,43.81,DBFO26,ADC,27/09/2018 09:38:44,01-JAN-1000,"linestring(456915.434164244 519324.874056369,456887.466916989 519291.063734473)"
A19_Footway_0,30,2600000030,ASPHALT,16.290612956,1.5,445504.624137949,522109.436983523,445504.376786116,522094.781178703,01-JAN-1000,11,DBFO (AREA) 26,AUTOLINK,0700A19/396,R1,4.84,13.94,9.1,DBFO26,ADC,27/09/2018 09:38:44,01-JAN-1000,"linestring(445504.624137949 522109.436983523,445504.376786116 522094.781178703)"
A19_Footway_0,31,2600000031,BLOCK PAVING,4.537865391,1,445519.811540497,522082.654649886,445517.906931382,522078.535828886,01-JAN-1000,11,DBFO (AREA) 26,AUTOLINK,0700A19/396,L4,10.38,14.56,4.18,DBFO26,ADC,27/09/2018 09:38:44,01-JAN-1000,"linestring(445519.811540497 522082.654649886,445517.906931382 522078.535828886)"
A19_Footway_0,32,2600000032,ASPHALT,9.252694994,1.5,445517.840970894,522085.033968813,445525.904640651,522080.535256556,01-JAN-1000,11,DBFO (AREA) 26,AUTOLINK,0700A19/396,L3,7.2,10.29,3.09,DBFO26,ADC,27/09/2018 09:38:44,01-JAN-1000,"linestring(445517.840970894 522085.033968813,445525.904640651 522080.535256556)"
A19_Footway_0,33,2600000033,ASPHALT,17.299238858,1.5,445517.032954906,522084.534111896,445506.50401188,522070.808040943,01-JAN-1000,11,DBFO (AREA) 26,AUTOLINK,0700A19/396,L3,11.23,30,18.77,DBFO26,ADC,27/09/2018 09:38:44,01-JAN-1000,"linestring(445517.032954906 522084.534111896,445506.50401188 522070.808040943)"
A19_Footway_0,34,2600000034,BLOCK PAVING,5.338671968,2,445357.095259667,521887.66046639,445353.74776486,521883.501656837,01-JAN-1000,11,DBFO (AREA) 26,AUTOLINK,0700A19/396,L2,267.81,273.16,5.35000000000002,DBFO26,ADC,27/09/2018 09:38:44,01-JAN-1000,"linestring(445357.095259667 521887.66046639,445353.74776486 521883.501656837)"
A19_Footway_0,35,2600000035,ASPHALT,12.266639323,1.5,445073.407442361,522739.436647995,445084.595990275,522734.408087405,01-JAN-1000,11,DBFO (AREA) 26,AUTOLINK,0700A19/228,L1,374.51,379,4.49000000000001,DBFO26,ADC,27/09/2018 09:38:44,01-JAN-1000,"linestring(445073.407442361 522739.436647995,445084.595990275 522734.408087405)"
A19_Footway_0,36,2600000036,BLOCK PAVING,8.392584599,1,444712.562343271,525994.75482286,444709.874453352,525988.936488341,01-JAN-1000,11,DBFO (AREA) 26,AUTOLINK,0700A19/240,L2,0.47,6.54,6.07,DBFO26,ADC,27/09/2018 09:38:44,01-JAN-1000,"linestring(444712.562343271 525994.75482286,444709.874453352 525988.936488341)"
A19_Footway_0,37,2600000037,ASPHALT,16.757175273,3,444745.435401881,526121.748471306,444748.222232534,526105.313175861,01-JAN-1000,11,DBFO (AREA) 26,AUTOLINK,0700A19/256,L1,466,480,14,DBFO26,ADC,27/09/2018 09:38:44,01-JAN-1000,"linestring(444745.435401881 526121.748471306,444748.222232534 526105.313175861)"
A19_Footway_0,38,2600000038,ASPHALT,19.243994058,1.6,433695.750806753,564114.503158404,433698.372736184,564095.438615573,01-JAN-1000,11,DBFO (AREA) 26,AUTOLINK,4520A19/21,L2,17.63,37.24,19.61,DBFO26,ADC,27/09/2018 09:38:44,01-JAN-1000,"linestring(433695.750806753 564114.503158404,433698.372736184 564095.438615573)"
A19_Footway_0,39,2600000039,ASPHALT,8.425883864,2.5,433872.970150061,562363.87427071,433876.779368289,562356.566362577,01-JAN-1000,11,DBFO (AREA) 26,AUTOLINK,4520A19/59,R1,235.574116136,244,8.42588386400001,DBFO26,ADC,27/09/2018 09:38:44,01-JAN-1000,"linestring(433872.970150061 562363.87427071,433876.779368289 562356.566362577)"
A19_Footway_0,40,2600000040,ASPHALT,12.642321554,2.5,433898.752456124,562369.682608091,433895.248305156,562357.686042072,01-JAN-1000,11,DBFO (AREA) 26,AUTOLINK,4520A19/59,L2,232.64,244,11.36,DBFO26,ADC,27/09/2018 09:38:44,01-JAN-1000,"linestring(433898.752456124 562369.682608091,433895.248305156 562357.686042072)"
A19_Footway_0,41,2600000041,ASPHALT,30.330071424,2.5,433912.340316818,562396.684878772,433898.752456124,562369.682608091,01-JAN-1000,11,DBFO (AREA) 26,AUTOLINK,4520A19/59,L1,202.39,232.64,30.25,DBFO26,ADC,27/09/2018 09:38:44,01-JAN-1000,"linestring(433912.340316818 562396.684878772,433898.752456124 562369.682608091)"
A19_Footway_0,42,2600000042,ASPHALT,4.999619201,2.2,433916.190760353,562399.873965905,433912.340316818,562396.684878772,01-JAN-1000,11,DBFO (AREA) 26,AUTOLINK,4520A19/59,L2,197.74,202.39,4.64999999999998,DBFO26,ADC,27/09/2018 09:38:44,01-JAN-1000,"linestring(433916.190760353 562399.873965905,433912.340316818 562396.684878772)"
A19_Footway_0,43,2600000043,ASPHALT,63.885239681,2,433954.563274717,562447.750261458,433916.190760353,562399.873965905,01-JAN-1000,11,DBFO (AREA) 26,AUTOLINK,4520A19/59,L2,138.58,197.74,59.16,DBFO26,ADC,27/09/2018 09:38:44,01-JAN-1000,"linestring(433954.563274717 562447.750261458,433916.190760353 562399.873965905)"
A19_Footway_0,44,2600000044,ASPHALT,5.037457199,1.8,433829.972156418,563528.121008548,433826.46800545,563524.502044466,01-JAN-1000,11,DBFO (AREA) 26,AUTOLINK,4520A19/23,R1,15.31,18.61,3.3,DBFO26,ADC,27/09/2018 09:38:44,01-JAN-1000,"linestring(433829.972156418 563528.121008548,433826.46800545 563524.502044466)"
A19_Footway_0,45,2600000045,ASPHALT,73.54444875,1.8,433970.031009343,562917.625760995,433969.157032866,562844.246765514,01-JAN-1000,11,DBFO (AREA) 26,AUTOLINK,4520A19/23,L2,653.07,727.21,74.14,DBFO26,ADC,27/09/2018 09:38:44,01-JAN-1000,"linestring(433970.031009343 562917.625760995,433969.157032866 562844.246765514)"
A19_Footway_0,46,2600000046,ASPHALT,27.033988379,1.8,433888.371924197,563314.812067598,433896.40261371,563288.999456381,01-JAN-1000,11,DBFO (AREA) 26,AUTOLINK,4520A19/23,L2,240.1,267.6,27.5,DBFO26,ADC,27/09/2018 09:38:44,01-JAN-1000,"linestring(433888.371924197 563314.812067598,433896.40261371 563288.999456381)"
A19_Footway_0,47,2600000047,ASPHALT,4.389198519,1.2,433802.342956668,563615.875888975,433806.341811303,563614.066406934,01-JAN-1000,11,DBFO (AREA) 26,AUTOLINK,4520A19/21,L2,530.610801481,535,4.38919851900005,DBFO26,ADC,27/09/2018 09:38:44,01-JAN-1000,"linestring(433802.342956668 563615.875888975,433806.341811303 563614.066406934)"
A19_Footway_0,48,2600000048,BLOCK PAVING,253.110865226,1.8,433736.341242554,563947.620927946,433780.435829323,563699.691896892,01-JAN-1000,11,DBFO (AREA) 26,AUTOLINK,4520A19/21,L2,191.22,445.62,254.4,DBFO26,ADC,27/09/2018 09:38:44,01-JAN-1000,"linestring(433736.341242554 563947.620927946,433780.435829323 563699.691896892)"
A19_Footway_0,49,2600000049,ASPHALT,17.220776931,1.8,433692.972221162,564131.498293597,433695.750806753,564114.503158404,01-JAN-1000,11,DBFO (AREA) 26,AUTOLINK,4520A19/21,L2,0.24,17.63,17.39,DBFO26,ADC,27/09/2018 09:38:44,01-JAN-1000,"linestring(433692.972221162 564131.498293597,433695.750806753 564114.503158404)"
A19_Footway_0,50,2600000050,ASPHALT,57.785421194,1.8,433698.339755939,564095.558581233,433720.43651969,564042.503768015,01-JAN-1000,11,DBFO (AREA) 26,AUTOLINK,4520A19/21,L2,37.11,94.17,57.06,DBFO26,ADC,27/09/2018 09:38:44,01-JAN-1000,"linestring(433698.339755939 564095.558581233,433720.43651969 564042.503768015)"
A19_Footway_0,51,2600000051,ASPHALT,149.69869146,1.8,433853.280944151,563460.120473499,433888.371924197,563314.812067598,01-JAN-1000,11,DBFO (AREA) 26,AUTOLINK,4520A19/23,L1,87.71,240.1,152.39,DBFO26,ADC,27/09/2018 09:38:44,01-JAN-1000,"linestring(433853.280944151 563460.120473499,433888.371924197 563314.812067598)"
A19_Footway_0,52,2600000052,ASPHALT,77.023891973,1.8,433837.936885442,563535.248968191,433853.280944151,563460.120473499,01-JAN-1000,11,DBFO (AREA) 26,AUTOLINK,4520A19/23,L1,8.96,87.71,78.75,DBFO26,ADC,27/09/2018 09:38:44,01-JAN-1000,"linestring(433837.936885442 563535.248968191,433853.280944151 563460.120473499)"
A19_Footway_0,53,2600000053,ASPHALT,5.060332035,1.5,433839.280830401,563540.127571705,433837.936885442,563535.248968191,01-JAN-1000,11,DBFO (AREA) 26,AUTOLINK,4520A19/23,L2,3.01,8.96,5.95,DBFO26,ADC,27/09/2018 09:38:44,01-JAN-1000,"linestring(433839.280830401 563540.127571705,433837.936885442 563535.248968191)"
A19_Footway_0,54,2600000054,ASPHALT,3.729479486,1,433799.688046994,563618.495139223,433802.342956668,563615.875888975,01-JAN-1000,11,DBFO (AREA) 26,AUTOLINK,4520A19/21,L1,532.33,535,2.66999999999996,DBFO26,ADC,27/09/2018 09:38:44,01-JAN-1000,"linestring(433799.688046994 563618.495139223,433802.342956668 563615.875888975)"
A19_Footway_0,55,2600000055,ASPHALT,3.990007106,2,434201.123581884,559900.129510312,434198.122379644,559897.500262926,01-JAN-1000,11,DBFO (AREA) 26,AUTOLINK,4525A19/161,R1,0,460,460,DBFO26,ADC,27/09/2018 09:38:44,01-JAN-1000,"linestring(434201.123581884 559900.129510312,434198.122379644 559897.500262926)"
A19_Footway_0,56,2600000056,ASPHALT,7.040333943,5,434205.188397007,559905.877864863,434201.123581884,559900.129510312,01-JAN-1000,11,DBFO (AREA) 26,AUTOLINK,4525A19/161,R1,452.959666057,460,7.04033394300001,DBFO26,ADC,27/09/2018 09:38:44,01-JAN-1000,"linestring(434205.188397007 559905.877864863,434201.123581884 559900.129510312)"
A19_Footway_0,57,2600000057,ASPHALT,5.857717768,3.6,434212.435805715,559919.433984464,434218.157878119,559918.18434217,01-JAN-1000,11,DBFO (AREA) 26,AUTOLINK,4525A19/161,L1,454.142282232,460,5.85771776799999,DBFO26,ADC,27/09/2018 09:38:44,01-JAN-1000,"linestring(434212.435805715 559919.433984464,434218.157878119 559918.18434217)"
A19_Footway_0,58,2600000058,ASPHALT,66.1545052,2.5,434783.686619044,556920.122528437,434808.215675819,556858.690113283,01-JAN-1000,11,DBFO (AREA) 26,AUTOLINK,4525A19/172,L1,381.97,451.6,69.63,DBFO26,ADC,27/09/2018 09:38:44,01-JAN-1000,"linestring(434783.686619044 556920.122528437,434808.215675819 556858.690113283)"
A19_Footway_0,59,2600000059,ASPHALT,23.479032842,1.2,434726.878148057,557258.065793184,434717.214936447,557236.691911394,01-JAN-1000,11,DBFO (AREA) 26,AUTOLINK,4525A19/172,L1,9.5,34.53,25.03,DBFO26,ADC,27/09/2018 09:38:44,01-JAN-1000,"linestring(434726.878148057 557258.065793184,434717.214936447 557236.691911394)"
A19_Footway_0,60,2600000060,ASPHALT,1.249951472,2.8,434899.87602008,555091.495967346,434899.12571952,555090.496253511,01-JAN-1000,11,DBFO (AREA) 26,AUTOLINK,4525A19/182,L1,5.66,6.96,1.3,DBFO26,ADC,27/09/2018 09:38:44,01-JAN-1000,"linestring(434899.87602008 555091.495967346,434899.12571952 555090.496253511)"
A19_Footway_0,61,2600000061,CONCRETE,11.477444124,1,434703.280783186,557372.752964323,434710.783788788,557364.125433928,01-JAN-1000,11,DBFO (AREA) 26,AUTOLINK,4525A19/171,L1,444.97,455,10.03,DBFO26,ADC,27/09/2018 09:38:44,01-JAN-1000,"linestring(434703.280783186 557372.752964323,434710.783788788 557364.125433928)"
A19_Footway_0,62,2600000062,ASPHALT,8.283507031,2.2,434890.781717686,555091.186056057,434882.685067685,555089.436556846,01-JAN-1000,11,DBFO (AREA) 26,AUTOLINK,4525A19/182,R1,10.55,15.83,5.28,DBFO26,ADC,27/09/2018 09:38:44,01-JAN-1000,"linestring(434890.781717686 555091.186056057,434882.685067685 555089.436556846)"
A19_Footway_0,63,2600000063,ASPHALT,8.032778576,2,434883.559044161,555198.685284723,434875.561334893,555199.435070099,01-JAN-1000,11,DBFO (AREA) 26,AUTOLINK,4525A19/181,R1,709.75,713.67,3.91999999999996,DBFO26,ADC,27/09/2018 09:38:44,01-JAN-1000,"linestring(434883.559044161 555198.685284723,434875.561334893 555199.435070099)"
A19_Footway_0,64,2600000064,ASPHALT,7.542407013,1.6,435622.341254003,552443.623912837,435617.691039542,552437.685612658,01-JAN-1000,11,DBFO (AREA) 26,AUTOLINK,4525A19/193,R1,589.59,590.89,1.29999999999995,DBFO26,ADC,27/09/2018 09:38:44,01-JAN-1000,"linestring(435622.341254003 552443.623912837,435617.691039542 552437.685612658)"
A19_Footway_0,65,2600000065,ASPHALT,5.586922522,4.5,435625.284740816,552448.372553553,435622.341254003,552443.623912837,01-JAN-1000,11,DBFO (AREA) 26,AUTOLINK,4525A19/193,R1,590.89,591.24,0.350000000000023,DBFO26,ADC,27/09/2018 09:38:44,01-JAN-1000,"linestring(435625.284740816 552448.372553553,435622.341254003 552443.623912837)"
A19_Footway_0,66,2600000066,ASPHALT,18.18668195,1.6,435621.310621365,552462.128615921,435638.658229922,552457.749869324,01-JAN-1000,11,DBFO (AREA) 26,AUTOLINK,4525A19/193,L1,581.24,596,14.76,DBFO26,ADC,27/09/2018 09:38:44,01-JAN-1000,"linestring(435621.310621365 552462.128615921,435638.658229922 552457.749869324)"
A19_Footway_0,67,2600000067,ASPHALT,6.27950307,1.6,440073.000501194,550096.875662536,440066.965116468,550095.496057444,01-JAN-1000,11,DBFO (AREA) 26,AUTOLINK,1300A19/440,R1,451.95,457.85,5.90000000000003,DBFO26,ADC,27/09/2018 09:38:44,01-JAN-1000,"linestring(440073.000501194 550096.875662536,440066.965116468 550095.496057444)"
A19_Footway_0,68,2600000068,ASPHALT,12.268239112,1.5,441079.689481394,546667.567291846,441085.906257464,546657.750101987,01-JAN-1000,11,DBFO (AREA) 26,AUTOLINK,1300A19/524,R1,12.88,22.29,9.41,DBFO26,ADC,27/09/2018 09:38:44,01-JAN-1000,"linestring(441079.689481394 546667.567291846,441085.906257464 546657.750101987)"
A19_Footway_0,69,2600000069,ASPHALT,5.507948012,1.5,441098.282094176,546657.37021073,441099.469382975,546662.748671162,01-JAN-1000,11,DBFO (AREA) 26,AUTOLINK,1300A19/524,L2,16.54,21.95,5.41,DBFO26,ADC,27/09/2018 09:38:44,01-JAN-1000,"linestring(441098.282094176 546657.37021073,441099.469382975 546662.748671162)"
A19_Footway_0,70,2600000070,ASPHALT,5.772182811,3.6,441054.096811736,546705.126540623,441057.378346054,546700.377899907,01-JAN-1000,11,DBFO (AREA) 26,AUTOLINK,1300A19/521,R1,519.66,523.98,4.32000000000005,DBFO26,ADC,27/09/2018 09:38:44,01-JAN-1000,"linestring(441054.096811736 546705.126540623,441057.378346054 546700.377899907)"
A19_Footway_0,71,2600000071,CONCRETE,11.800007521,3,441057.312385565,546714.503856394,441068.871961229,546712.814340013,01-JAN-1000,11,DBFO (AREA) 26,AUTOLINK,1300A19/521,L1,520.57,532.79,12.2199999999999,DBFO26,ADC,27/09/2018 09:38:44,01-JAN-1000,"linestring(441057.312385565 546714.503856394,441068.871961229 546712.814340013)"
A19_Footway_0,72,2600000072,ASPHALT,61.135987528,10,444368.058955284,499324.629066945,444381.127377129,499264.906162449,01-JAN-1000,11,DBFO (AREA) 26,AUTOLINK,2700A19/886,L2,229.71,313.84,84.13,DBFO26,ADC,27/09/2018 09:38:44,01-JAN-1000,"linestring(444368.058955284 499324.629066945,444381.127377129 499264.906162449)"
A19_Footway_0,73,2600000073,ASPHALT,21.862536159,2,446831.81513327,520568.498072698,446849.814101654,520579.784841894,01-JAN-1000,11,DBFO (AREA) 26,AUTOLINK,0700A19/388,L1,29.76,47.26,17.5,DBFO26,ADC,27/09/2018 09:38:44,01-JAN-1000,"linestring(446831.81513327 520568.498072698,446849.814101654 520579.784841894)"
A19_Footway_0,74,2600000074,BLOCK PAVING,54.095178008,1.5,446860.433740352,520584.153591352,446913.589649271,520587.342678485,01-JAN-1000,11,DBFO (AREA) 26,AUTOLINK,0700A19/388,L1,57.42,103.64,46.22,DBFO26,ADC,27/09/2018 09:38:44,01-JAN-1000,"linestring(446860.433740352 520584.153591352,446913.589649271 520587.342678485)"
A19_Footway_0,75,2600000075,ASPHALT,18.700776559,2,446849.814101654,520579.784841894,446862.090997634,520593.870809827,01-JAN-1000,11,DBFO (AREA) 26,AUTOLINK,0700A19/388,L2,47.26,62.53,15.27,DBFO26,ADC,27/09/2018 09:38:44,01-JAN-1000,"linestring(446849.814101654 520579.784841894,446862.090997634 520593.870809827)"
A19_Footway_0,76,2600000076,ASPHALT,461.289448458,3,446688.186168889,520543.315281197,446254.627875949,520693.692236241,01-JAN-1000,11,DBFO (AREA) 26,AUTOLINK,0700A19/395,L2,90.86,561.24,470.38,DBFO26,ADC,27/09/2018 09:38:44,01-JAN-1000,"linestring(446688.186168889 520543.315281197,446254.627875949 520693.692236241)"
A19_Footway_0,77,2600000077,ASPHALT,54.518000113,3.5,446741.309097564,520531.18875238,446688.186168889,520543.315281197,01-JAN-1000,11,DBFO (AREA) 26,AUTOLINK,0700A19/395,L1,34.58,90.86,56.28,DBFO26,ADC,27/09/2018 09:38:44,01-JAN-1000,"linestring(446741.309097564 520531.18875238,446688.186168889 520543.315281197)"
A19_Footway_0,78,2600000078,ASPHALT,128.19829447,3.5,446839.433569728,520459.219353406,446741.309097564,520531.18875238,01-JAN-1000,11,DBFO (AREA) 26,AUTOLINK,0700A19/392,L1,7.92,96.88,88.96,DBFO26,ADC,27/09/2018 09:38:44,01-JAN-1000,"linestring(446839.433569728 520459.219353406,446741.309097564 520531.18875238)"
A19_Footway_0,79,2600000079,ASPHALT,24.430907264,2.5,446499.34128943,518578.717641421,446521.784345747,518582.686505346,01-JAN-1000,11,DBFO (AREA) 26,AUTOLINK,0700A66/178,L1,10.18,33.39,23.21,DBFO26,ADC,27/09/2018 09:38:44,01-JAN-1000,"linestring(446499.34128943 518578.717641421,446521.784345747 518582.686505346)"
A19_Footway_0,80,2600000080,ASPHALT,17.282334084,3.2,444624.909098706,526157.688183671,444639.090603799,526167.565356359,01-JAN-1000,11,DBFO (AREA) 26,AUTOLINK,0700A19/239,L1,0,17.39,17.39,DBFO26,ADC,27/09/2018 09:38:44,01-JAN-1000,"linestring(444624.909098706 526157.688183671,444639.090603799 526167.565356359)"
A19_Footway_0,81,2600000081,ASPHALT,38.709629896,2.5,446976.969433955,520482.872582739,446939.058643012,520482.402717237,01-JAN-1000,11,DBFO (AREA) 26,AUTOLINK,0700A19/387,R2,0,25.42,25.42,DBFO26,ADC,27/09/2018 09:38:44,01-JAN-1000,"linestring(446976.969433955 520482.872582739,446939.058643012 520482.402717237)"
A19_Footway_0,82,2600000082,ASPHALT,34.01537454,3.5,446932.965542859,520458.129665326,446900.438776815,520449.122243673,01-JAN-1000,11,DBFO (AREA) 26,AUTOLINK,0700A19/382,L1,30.35,31.67,1.32,DBFO26,ADC,27/09/2018 09:38:44,01-JAN-1000,"linestring(446932.965542859 520458.129665326,446900.438776815 520449.122243673)"
A19_Footway_0,83,2600000083,ASPHALT,20.172970394,2.5,446952.844385173,520455.50041794,446932.965542859,520458.129665326,01-JAN-1000,11,DBFO (AREA) 26,AUTOLINK,0700A19/382,L2,7.73,31.67,23.94,DBFO26,ADC,27/09/2018 09:38:44,01-JAN-1000,"linestring(446952.844385173 520455.50041794,446932.965542859 520458.129665326)"
A19_Footway_0,84,2600000084,ASPHALT,18.390515755,2.5,446969.936396836,520448.812332384,446952.844385173,520455.50041794,01-JAN-1000,11,DBFO (AREA) 26,AUTOLINK,0700A19/385,L2,358.46,374,15.54,DBFO26,ADC,27/09/2018 09:38:44,01-JAN-1000,"linestring(446969.936396836 520448.812332384,446952.844385173 520455.50041794)"
A19_Footway_0,85,2600000085,ASPHALT,140.525414801,2,447083.215291304,520367.655563268,446969.936396836,520448.812332384,01-JAN-1000,11,DBFO (AREA) 26,AUTOLINK,0700A19/385,L2,216.16,358.46,142.3,DBFO26,ADC,27/09/2018 09:38:44,01-JAN-1000,"linestring(447083.215291304 520367.655563268,446969.936396836 520448.812332384)"
A19_Footway_0,86,2600000086,ASPHALT,9.541221751,1,444968.126257161,522689.09105927,444976.750591073,522690.910538449,01-JAN-1000,11,DBFO (AREA) 26,AUTOLINK,0700A19/227,L2,5.65,8.09,2.44,DBFO26,ADC,27/09/2018 09:38:44,01-JAN-1000,"linestring(444968.126257161 522689.09105927,444976.750591073 522690.910538449)"
A19_Footway_0,87,2600000087,ASPHALT,8.028335593,2,445053.091611808,521862.71760621,445045.09390254,521862.097783632,01-JAN-1000,11,DBFO (AREA) 26,AUTOLINK,0700A19/397,L1,413.49,414,0.509999999999991,DBFO26,ADC,27/09/2018 09:38:44,01-JAN-1000,"linestring(445053.091611808 521862.71760621,445045.09390254 521862.097783632)"
A19_Footway_0,88,2600000088,ASPHALT,16.290861902,1.5,451662.56345216,515662.252470892,451672.74610262,515649.536110913,01-JAN-1000,11,DBFO (AREA) 26,AUTOLINK,0700A174/67,R1,11.63,23.8,12.17,DBFO26,ADC,27/09/2018 09:38:44,01-JAN-1000,"linestring(451662.56345216 515662.252470892,451672.74610262 515649.536110913)"
A19_Footway_0,89,2600000089,ASPHALT,10.015135677,1.5,451657.187672323,515675.40870496,451665.127666163,515669.340441982,01-JAN-1000,11,DBFO (AREA) 26,AUTOLINK,0700A174/67,L2,0.47,10.77,10.3,DBFO26,ADC,27/09/2018 09:38:44,01-JAN-1000,"linestring(451657.187672323 515675.40870496,451665.127666163 515669.340441982)"
A19_Footway_0,90,2600000090,CONCRETE,3.374368533,1,451632.435998897,515649.06624541,451632.246362492,515652.435281034,01-JAN-1000,11,DBFO (AREA) 26,AUTOLINK,0700A174/53,L2,27.56,30.83,3.27,DBFO26,ADC,27/09/2018 09:38:44,01-JAN-1000,"linestring(451632.435998897 515649.06624541,451632.246362492 515652.435281034)"
A19_Footway_0,91,2600000091,ASPHALT,23.067447534,1.5,449303.313423631,515406.745608971,449312.844714264,515385.871584098,01-JAN-1000,11,DBFO (AREA) 26,AUTOLINK,0700A174/33,L2,587.27,611,23.73,DBFO26,ADC,27/09/2018 09:38:44,01-JAN-1000,"linestring(449303.313423631 515406.745608971,449312.844714264 515385.871584098)"
A19_Footway_0,92,2600000092,ASPHALT,90.287366378,1,442508.533835031,484978.655559145,442503.001399032,485068.749769946,01-JAN-1000,11,DBFO (AREA) 26,AUTOLINK,2700A19/694,L1,545.42,636,90.58,DBFO26,ADC,27/09/2018 09:38:44,01-JAN-1000,"linestring(442508.533835031 484978.655559145,442503.001399032 485068.749769946)"
A19_Footway_0,93,2600000093,ASPHALT,329.199544032,1,442533.656536206,484651.629169476,442508.533835031,484978.655559145,01-JAN-1000,11,DBFO (AREA) 26,AUTOLINK,2700A19/694,L2,212.85,545.42,332.57,DBFO26,ADC,27/09/2018 09:38:44,01-JAN-1000,"linestring(442533.656536206 484651.629169476,442508.533835031 484978.655559145)"
A19_Footway_0,94,2600000094,ASPHALT,145.879359142,1,442522.90497653,484495.533851296,442532.378551735,484641.032202826,01-JAN-1000,11,DBFO (AREA) 26,AUTOLINK,2700A19/694,L2,55.38,202.09,146.71,DBFO26,ADC,27/09/2018 09:38:44,01-JAN-1000,"linestring(442522.90497653 484495.533851296,442532.378551735 484641.032202826)"
A19_Footway_0,95,2600000095,ASPHALT,51.731681805,1,442512.532689665,484446.497887694,442522.90497653,484495.533851296,01-JAN-1000,11,DBFO (AREA) 26,AUTOLINK,2700A19/694,L2,0,55.38,55.38,DBFO26,ADC,27/09/2018 09:38:44,01-JAN-1000,"linestring(442512.532689665 484446.497887694,442522.90497653 484495.533851296)"
A19_Footway_0,96,2600000096,ASPHALT,16.303450003,1,442503.43838727,484432.971759508,442512.532689665,484446.497887694,01-JAN-1000,11,DBFO (AREA) 26,AUTOLINK,2700A19/672,L2,67.29,88.76,21.47,DBFO26,ADC,27/09/2018 09:38:44,01-JAN-1000,"linestring(442503.43838727 484432.971759508,442512.532689665 484446.497887694)"
A19_Footway_0,97,2600000097,ASPHALT,51.774625439,1,442525.403230044,484371.939229888,442491.779870873,484409.498478665,01-JAN-1000,11,DBFO (AREA) 26,AUTOLINK,2700A19/672,L2,9.96,47.63,37.67,DBFO26,ADC,27/09/2018 09:38:44,01-JAN-1000,"linestring(442525.403230044 484371.939229888,442491.779870873 484409.498478665)"
A19_Footway_0,98,2600000098,ASPHALT,12.586072383,1,443938.903524972,481673.531641026,443951.46899809,481674.251434987,01-JAN-1000,11,DBFO (AREA) 26,AUTOLINK,2700A19/594,L2,0,11.51,11.51,DBFO26,ADC,27/09/2018 09:38:44,01-JAN-1000,"linestring(443938.903524972 481673.531641026,443951.46899809 481674.251434987)"
A19_Footway_0,99,2600000099,ASPHALT,15.54432228,1,443926.090700021,481590.435427069,443912.840886831,481598.563100547,01-JAN-1000,11,DBFO (AREA) 26,AUTOLINK,2700A168/272,L2,434.64,445,10.36,DBFO26,ADC,27/09/2018 09:38:44,01-JAN-1000,"linestring(443926.090700021 481590.435427069,443912.840886831 481598.563100547)"
A19_Footway_0,100,2600000100,ASPHALT,26.930877779,1.5,437623.904041845,473420.284108557,437650.345952796,473416.495193123,01-JAN-1000,11,DBFO (AREA) 26,AUTOLINK,2700A168/120,L1,0,26.95,26.95,DBFO26,ADC,27/09/2018 09:38:44,01-JAN-1000,"linestring(437623.904041845 473420.284108557,437650.345952796 473416.495193123)"
A19_Footway_0,101,2600000101,ASPHALT,481.235593594,1.5,440964.440017322,538778.375549491,441084.941585315,538318.127294184,01-JAN-1000,11,DBFO (AREA) 26,AUTOLINK,1300A19/650,L2,0,485.55,485.55,DBFO26,ADC,27/09/2018 09:38:44,01-JAN-1000,"linestring(440964.440017322 538778.375549491,441084.941585315 538318.127294184)"
A19_Footway_0,102,2600000102,ASPHALT,54.832920455,2,441507.467986502,541052.504586826,441501.407866593,540998.120154208,01-JAN-1000,11,DBFO (AREA) 26,AUTOLINK,1300A19/630,L1,68.45,124.94,56.49,DBFO26,ADC,27/09/2018 09:38:44,01-JAN-1000,"linestring(441507.467986502 541052.504586826,441501.407866593 540998.120154208)"
A19_Footway_0,103,2600000103,ASPHALT,65.30176508,1.5,441520.313791697,541116.186358108,441507.467986502,541052.504586826,01-JAN-1000,11,DBFO (AREA) 26,AUTOLINK,1300A19/630,L2,0,68.45,68.45,DBFO26,ADC,27/09/2018 09:38:44,01-JAN-1000,"linestring(441520.313791697 541116.186358108,441507.467986502 541052.504586826)"
A19_Footway_0,104,2600000104,ASPHALT,162.776485572,1,441379.78497029,542722.126662478,441381.466962755,542559.373250158,01-JAN-1000,11,DBFO (AREA) 26,AUTOLINK,1300A19/607,R2,0,158.86,158.86,DBFO26,ADC,27/09/2018 09:38:44,01-JAN-1000,"linestring(441379.78497029 542722.126662478,441381.466962755 542559.373250158)"
A19_Footway_0,105,2600000105,ASPHALT,357.455778669,1.5,441391.938190353,542561.122749369,441412.691009145,542204.434850218,01-JAN-1000,11,DBFO (AREA) 26,AUTOLINK,1300A19/607,L1,157.07,509.85,352.78,DBFO26,ADC,27/09/2018 09:38:44,01-JAN-1000,"linestring(441391.938190353 542561.122749369,441412.691009145 542204.434850218)"
A19_Footway_0,106,2600000106,ASPHALT,14.346444222,3.6,455726.809665787,520866.312824112,455741.065376431,520867.872377694,01-JAN-1000,11,DBFO (AREA) 26,AUTOLINK,0700A1053/10,L1,17.48,19.96,2.48,DBFO26,ADC,27/09/2018 09:38:44,01-JAN-1000,"linestring(455726.809665787 520866.312824112,455741.065376431 520867.872377694)"
A19_Footway_0,107,2600000107,ASPHALT,16.907424439,2.5,455744.404626177,520882.218271225,455735.870987937,520867.622449236,01-JAN-1000,11,DBFO (AREA) 26,AUTOLINK,0700A1053/10,L2,0,18.08,18.08,DBFO26,ADC,27/09/2018 09:38:44,01-JAN-1000,"linestring(455744.404626177 520882.218271225,455735.870987937 520867.622449236)"
A19_Footway_0,108,2600000108,ASPHALT,236.742124591,3,440616.00373519,547833.683494555,440622.814155659,547597.371138264,01-JAN-1000,11,DBFO (AREA) 26,AUTOLINK,1300A19/515,L2,711.81,950.55,238.74,DBFO26,ADC,27/09/2018 09:38:44,01-JAN-1000,"linestring(440616.00373519 547833.683494555,440622.814155659 547597.371138264)"
A19_Footway_0,109,2600000109,CONCRETE,83.673847755,2,440281.559321746,548990.812269889,440296.532352706,548909.12565244,01-JAN-1000,11,DBFO (AREA) 26,AUTOLINK,1300A19/510,L1,405.1,488.94,83.84,DBFO26,ADC,27/09/2018 09:38:44,01-JAN-1000,"linestring(440281.559321746 548990.812269889,440296.532352706 548909.12565244)"
A19_Footway_0,110,2600000110,ASPHALT,56.405699466,1.5,436804.938612795,551627.377560925,436856.659881082,551604.874002501,01-JAN-1000,11,DBFO (AREA) 26,AUTOLINK,1300A19/415,L2,836.28,893.64,57.36,DBFO26,ADC,27/09/2018 09:38:44,01-JAN-1000,"linestring(436804.938612795 551627.377560925,436856.659881082 551604.874002501)"
A19_Footway_0,111,2600000111,ASPHALT,27.659958473,1.5,434639.653646669,558828.686207767,434641.937528594,558801.124097339,01-JAN-1000,11,DBFO (AREA) 26,AUTOLINK,4525A19/110,L1,607.22,634.62,27.4,DBFO26,ADC,27/09/2018 09:38:44,01-JAN-1000,"linestring(434639.653646669 558828.686207767,434641.937528594 558801.124097339)"
A19_Footway_0,112,2600000112,ASPHALT,44.978461012,2,434628.498078999,558872.253736692,434639.653646669,558828.686207767,01-JAN-1000,11,DBFO (AREA) 26,AUTOLINK,4525A19/110,L1,562.45,607.22,44.77,DBFO26,ADC,27/09/2018 09:38:44,01-JAN-1000,"linestring(434628.498078999 558872.253736692,434639.653646669 558828.686207767)"
A19_Footway_0,113,2600000113,ASPHALT,27.458290677,1.5,434617.185855168,558897.126616904,434628.498078999,558872.253736692,01-JAN-1000,11,DBFO (AREA) 26,AUTOLINK,4525A19/110,L1,535.39,562.45,27.0600000000001,DBFO26,ADC,27/09/2018 09:38:44,01-JAN-1000,"linestring(434617.185855168 558897.126616904,434628.498078999 558872.253736692)"
A19_Footway_0,114,2600000114,ASPHALT,6.400880438,2,433844.903962072,560995.066087977,433846.940492164,560988.997824999,01-JAN-1000,11,DBFO (AREA) 26,AUTOLINK,4520A19/69,L1,1421.21,1427,5.78999999999996,DBFO26,ADC,27/09/2018 09:38:44,01-JAN-1000,"linestring(433844.903962072 560995.066087977,433846.940492164 560988.997824999)"
A19_Footway_0,115,2600000115,ASPHALT,55.828316728,1.5,433969.19001311,562843.436997308,433968.777760055,562787.622973906,01-JAN-1000,11,DBFO (AREA) 26,AUTOLINK,4520A19/49,L2,0.08,55.86,55.78,DBFO26,ADC,27/09/2018 09:38:44,01-JAN-1000,"linestring(433969.19001311 562843.436997308,433968.777760055 562787.622973906)"
A19_Footway_0,116,2600000116,ASPHALT,120.988774931,1.5,433672.81304677,564250.684176993,433693.532885317,564131.498293597,01-JAN-1000,11,DBFO (AREA) 26,AUTOLINK,4520A19/5,L2,668.21,790,121.79,DBFO26,ADC,27/09/2018 09:38:44,01-JAN-1000,"linestring(433672.81304677 564250.684176993,433693.532885317 564131.498293597)"
A19_Footway_0,117,2600000117,ASPHALT,21.312550545,2,433667.214650283,564271.248290577,433672.81304677,564250.684176993,01-JAN-1000,11,DBFO (AREA) 26,AUTOLINK,4520A19/5,L1,646.85,668.21,21.36,DBFO26,ADC,27/09/2018 09:38:44,01-JAN-1000,"linestring(433667.214650283 564271.248290577,433672.81304677 564250.684176993)"
A19_Footway_0,118,2600000118,ASPHALT,90.878634325,3,433651.878836635,564360.812653045,433667.214650283,564271.248290577,01-JAN-1000,11,DBFO (AREA) 26,AUTOLINK,4520A19/5,L1,555.44,646.85,91.41,DBFO26,ADC,27/09/2018 09:38:44,01-JAN-1000,"linestring(433651.878836635 564360.812653045,433667.214650283 564271.248290577)"
A19_Footway_0,119,2600000119,ASPHALT,16.429189681,2,433648.440646155,564376.878054371,433651.878836635,564360.812653045,01-JAN-1000,11,DBFO (AREA) 26,AUTOLINK,4520A19/5,L1,538.89,555.44,16.5500000000001,DBFO26,ADC,27/09/2018 09:38:44,01-JAN-1000,"linestring(433648.440646155 564376.878054371,433651.878836635 564360.812653045)"
A19_Footway_0,120,2600000120,ASPHALT,348.873708499,1.5,433486.779733146,564680.871037285,433648.440646155,564376.878054371,01-JAN-1000,11,DBFO (AREA) 26,AUTOLINK,4520A19/5,L2,191.07,538.89,347.82,DBFO26,ADC,27/09/2018 09:38:44,01-JAN-1000,"linestring(433486.779733146 564680.871037285,433648.440646155 564376.878054371)"
A19_Footway_0,121,2600000121,ASPHALT,187.174659836,2,433397.716583132,564844.50419778,433486.779733146,564680.871037285,01-JAN-1000,11,DBFO (AREA) 26,AUTOLINK,4520A19/5,L1,0,191.07,191.07,DBFO26,ADC,27/09/2018 09:38:44,01-JAN-1000,"linestring(433397.716583132 564844.50419778,433486.779733146 564680.871037285)"
A19_Footway_0,122,2600000122,ASPHALT,73.743874652,1,444290.37398959,499919.378821599,444296.722686637,499845.909851873,01-JAN-1000,11,DBFO (AREA) 26,AUTOLINK,2700A19/917,L1,616.86,691.97,75.11,DBFO26,ADC,27/09/2018 09:38:44,01-JAN-1000,"linestring(444290.37398959 499919.378821599,444296.722686637 499845.909851873)"
A19_Footway_0,123,2600000123,CONCRETE,73.417971939,1,444265.96860873,501553.251130515,444266.842585207,501479.842143619,01-JAN-1000,11,DBFO (AREA) 26,AUTOLINK,2700A19/929,L1,1370.96,1445.64,74.6800000000001,DBFO26,ADC,27/09/2018 09:38:44,01-JAN-1000,"linestring(444265.96860873 501553.251130515,444266.842585207 501479.842143619)"
A19_Footway_0,124,2600000124,CONCRETE FLAGS,40.883543298,0.6,439179.095711796,474321.156236593,439156.347588218,474289.815207869,01-JAN-1000,11,DBFO (AREA) 26,AUTOLINK,2700A168/139,L2,274.44,315.33,40.89,DBFO26,ADC,27/09/2018 09:38:44,01-JAN-1000,"linestring(439179.095711796 474321.156236593,439156.347588218 474289.815207869)"
A19_Footway_0,125,2600000125,CONCRETE,27.241830291,0.5,438050.561218644,473480.246944374,438025.908485951,473478.377479502,01-JAN-1000,11,DBFO (AREA) 26,AUTOLINK,2700A168/133,L2,301.36,326.87,25.51,DBFO26,ADC,27/09/2018 09:38:44,01-JAN-1000,"linestring(438050.561218644 473480.246944374,438025.908485951 473478.377479502)"
A19_Footway_0,126,2600000126,CONCRETE,3.116770692,2,438052.746159835,473477.027865825,438049.753202656,473476.158114789,01-JAN-1000,11,DBFO (AREA) 26,AUTOLINK,2700A168/133,L3,299.73,302.93,3.19999999999999,DBFO26,ADC,27/09/2018 09:38:44,01-JAN-1000,"linestring(438052.746159835 473477.027865825,438049.753202656 473476.158114789)"
A19_Footway_0,127,2600000127,CONCRETE,2.51072397,1.5,438053.059472157,473480.496872832,438050.561218644,473480.246944374,01-JAN-1000,11,DBFO (AREA) 26,AUTOLINK,2700A168/133,L2,298.79,301.36,2.56999999999999,DBFO26,ADC,27/09/2018 09:38:44,01-JAN-1000,"linestring(438053.059472157 473480.496872832,438050.561218644 473480.246944374)"
A19_Footway_0,128,2600000128,CONCRETE FLAGS,32.277636333,0.5,438701.714919103,473698.594443052,438676.278905606,473680.779542515,01-JAN-1000,11,DBFO (AREA) 26,AUTOLINK,2700A168/135,L2,513.7,544.81,31.1099999999999,DBFO26,ADC,27/09/2018 09:38:44,01-JAN-1000,"linestring(438701.714919103 473698.594443052,438676.278905606 473680.779542515)"
A19_Footway_0,129,2600000129,CONCRETE FLAGS,3.531038756,0.6,438704.782081833,473700.343942263,438701.714919103,473698.594443052,01-JAN-1000,11,DBFO (AREA) 26,AUTOLINK,2700A168/135,L2,510.19,513.7,3.51000000000005,DBFO26,ADC,27/09/2018 09:38:44,01-JAN-1000,"linestring(438704.782081833 473700.343942263,438701.714919103 473698.594443052)"
A19_Footway_0,130,2600000130,CONCRETE FLAGS,3.877070115,1.5,438707.939940234,473702.593298392,438704.782081833,473700.343942263,01-JAN-1000,11,DBFO (AREA) 26,AUTOLINK,2700A168/135,L2,506.31,510.19,3.88,DBFO26,ADC,27/09/2018 09:38:44,01-JAN-1000,"linestring(438707.939940234 473702.593298392,438704.782081833 473700.343942263)"
A19_Footway_0,131,2600000131,ASPHALT,104.258688772,1.5,439069.535339884,474165.000935583,439013.12263183,474077.406009369,01-JAN-1000,11,DBFO (AREA) 26,AUTOLINK,2700A168/139,L1,22.89,127.148688772,104.258688772,DBFO26,ADC,27/09/2018 09:38:44,01-JAN-1000,"linestring(439069.535339884 474165.000935583,439013.12263183 474077.406009369)"
A19_Footway_0,132,2600000132,CONCRETE,5.299223011,2,439174.404272029,474311.838903651,439171.221678444,474307.840048312,01-JAN-1000,11,DBFO (AREA) 26,AUTOLINK,2700A168/139,L4,285.36,290.74,5.37999999999999,DBFO26,ADC,27/09/2018 09:38:44,01-JAN-1000,"linestring(439174.404272029 474311.838903651,439171.221678444 474307.840048312)"
A19_Footway_0,133,2600000133,ASPHALT,9.372096662,2.8,441556.938353109,477801.28006151,441549.872335745,477795.841618248,01-JAN-1000,11,DBFO (AREA) 26,AUTOLINK,2700A168/171,L1,857.48,865.73,8.25,DBFO26,ADC,27/09/2018 09:38:44,01-JAN-1000,"linestring(441556.938353109 477801.28006151,441549.872335745 477795.841618248)"
A19_Footway_0,134,2600000134,ASPHALT,96.847349023,1.7,442165.910320975,479230.620916946,442129.500131152,479140.906597403,01-JAN-1000,11,DBFO (AREA) 26,AUTOLINK,2700A168/231,L1,361.24,458.71,97.47,DBFO26,ADC,27/09/2018 09:38:44,01-JAN-1000,"linestring(442165.910320975 479230.620916946,442129.500131152 479140.906597403)"
A19_Footway_0,135,2600000135,ASPHALT,17.615167265,2,455705.685819246,520872.661006963,455717.278375154,520864.343387857,01-JAN-1000,11,DBFO (AREA) 26,AUTOLINK,0700A1053/11,R1,941.27,951.8,10.53,DBFO26,ADC,27/09/2018 09:38:44,01-JAN-1000,"linestring(455705.685819246 520872.661006963,455717.278375154 520864.343387857)"
A19_Footway_0,136,2600000136,CONCRETE,75.810775738,2,440135.778396417,549661.440304611,440121.910203645,549735.499105499,01-JAN-1000,11,DBFO (AREA) 26,AUTOLINK,1300A19/285,L1,496.92,573.19,76.27,DBFO26,ADC,27/09/2018 09:38:44,01-JAN-1000,"linestring(440135.778396417 549661.440304611,440121.910203645 549735.499105499)"
A19_Footway_0,137,2600000137,CONCRETE,41.778584206,1.5,433397.996915209,564772.254878933,433377.565653801,564808.684451076,01-JAN-1000,11,DBFO (AREA) 26,AUTOLINK,4520A19/6,L1,660.62,702.37,41.75,DBFO26,ADC,27/09/2018 09:38:44,01-JAN-1000,"linestring(433397.996915209 564772.254878933,433377.565653801 564808.684451076)"
A19_Footway_0,138,2600000138,CONCRETE,28.01756762,1.5,433377.565653801,564808.684451076,433361.471294532,564831.557903618,01-JAN-1000,11,DBFO (AREA) 26,AUTOLINK,4520A19/6,L1,702.37,731,28.63,DBFO26,ADC,27/09/2018 09:38:44,01-JAN-1000,"linestring(433377.565653801 564808.684451076,433361.471294532 564831.557903618)"
A19_Footway_0,139,2600000139,CONCRETE,33.767046454,1.5,433621.718403127,564373.12912749,433613.498077209,564405.879752722,01-JAN-1000,11,DBFO (AREA) 26,AUTOLINK,4520A19/6,L2,196.24,230.02,33.78,DBFO26,ADC,27/09/2018 09:38:44,01-JAN-1000,"linestring(433621.718403127 564373.12912749,433613.498077209 564405.879752722)"
A19_Footway_0,140,2600000140,ASPHALT,128.118038988,4,433642.528937346,564246.745304483,433621.718403127,564373.12912749,01-JAN-1000,11,DBFO (AREA) 26,AUTOLINK,4520A19/6,L1,67.68,196.24,128.56,DBFO26,ADC,27/09/2018 09:38:44,01-JAN-1000,"linestring(433642.528937346 564246.745304483,433621.718403127 564373.12912749)"
A19_Footway_0,141,2600000141,ASPHALT,65.915405818,1.5,433654.187453743,564181.873873737,433642.528937346,564246.745304483,01-JAN-1000,11,DBFO (AREA) 26,AUTOLINK,4520A19/6,L2,1.71,67.68,65.97,DBFO26,ADC,27/09/2018 09:38:44,01-JAN-1000,"linestring(433654.187453743 564181.873873737,433642.528937346 564246.745304483)"
A19_Footway_0,142,2600000142,ASPHALT,13.913150419,1,433938.905903686,562847.435852647,433925.969402818,562842.317317813,01-JAN-1000,11,DBFO (AREA) 26,AUTOLINK,4520A19/50,L4,57.58,62.4,4.82,DBFO26,ADC,27/09/2018 09:38:44,01-JAN-1000,"linestring(433938.905903686 562847.435852647,433925.969402818 562842.317317813)"
A19_Footway_0,143,2600000143,ASPHALT,157.871675798,1.5,433939.062559847,562786.683242901,433930.347530263,562942.438658377,01-JAN-1000,11,DBFO (AREA) 26,AUTOLINK,4520A19/50,L2,1.97,157.85,155.88,DBFO26,ADC,27/09/2018 09:38:44,01-JAN-1000,"linestring(433939.062559847 562786.683242901,433930.347530263 562942.438658377)"
A19_Footway_0,144,2600000144,ASPHALT,9.109450789,1.5,433795.095547961,560996.995535678,433800.842355548,561004.063512491,01-JAN-1000,11,DBFO (AREA) 26,AUTOLINK,4520A19/70,L1,0,9.38,9.38,DBFO26,ADC,27/09/2018 09:38:44,01-JAN-1000,"linestring(433795.095547961 560996.995535678,433800.842355548 561004.063512491)"
A19_Footway_0,145,2600000145,ASPHALT,11.414413332,1.5,443299.746388415,536392.058625606,443310.003244424,536397.067191918,01-JAN-1000,11,DBFO (AREA) 26,AUTOLINK,1300A19/120,R1,1616.08,1616.24,0.160000000000082,DBFO26,ADC,27/09/2018 09:38:44,01-JAN-1000,"linestring(443299.746388415 536392.058625606,443310.003244424 536397.067191918)"
A19_Footway_0,146,2600000146,CONCRETE,8.788264961,1.5,444910.938513364,532752.370475501,444919.562847276,532754.059991882,01-JAN-1000,11,DBFO (AREA) 26,AUTOLINK,0700A19/265,R1,30.35,30.76,0.41,DBFO26,ADC,27/09/2018 09:38:44,01-JAN-1000,"linestring(444910.938513364 532752.370475501,444919.562847276 532754.059991882)"
A19_Footway_0,147,2600000147,ASPHALT,25.815959438,1.5,443288.129097323,536386.750145142,443267.969922931,536397.317120377,01-JAN-1000,11,DBFO (AREA) 26,AUTOLINK,1300A19/120,L1,1616.74,1635.46,18.72,DBFO26,ADC,27/09/2018 09:38:44,01-JAN-1000,"linestring(443288.129097323 536386.750145142,443267.969922931 536397.317120377)"
A19_Footway_0,148,2600000148,ASPHALT,42.174994875,1.5,443513.3429413,535877.815826076,443493.249727396,535914.875217935,01-JAN-1000,11,DBFO (AREA) 26,AUTOLINK,1300A19/120,L2,1054.36,1096.95,42.5900000000002,DBFO26,ADC,27/09/2018 09:38:44,01-JAN-1000,"linestring(443513.3429413 535877.815826076,443493.249727396 535914.875217935)"
A19_Footway_0,149,2600000149,ASPHALT,24.098470425,1.5,443992.315030785,535059.250138066,443987.722531751,535082.813393155,01-JAN-1000,11,DBFO (AREA) 26,AUTOLINK,1300A19/120,L1,88.89,113.51,24.62,DBFO26,ADC,27/09/2018 09:38:44,01-JAN-1000,"linestring(443992.315030785 535059.250138066,443987.722531751 535082.813393155)"
A19_Footway_0,150,2600000150,ASPHALT,11.6335004,1.5,443994.030003494,535044.874253121,443992.784999268,535056.44094219,01-JAN-1000,11,DBFO (AREA) 26,AUTOLINK,1300A19/120,L1,74.33,86.01,11.68,DBFO26,ADC,27/09/2018 09:38:44,01-JAN-1000,"linestring(443994.030003494 535044.874253121,443992.784999268 535056.44094219)"
A19_Footway_0,151,2600000151,ASPHALT,6.139370112,1.5,443995.654280531,535034.997080432,443994.722588626,535041.06534341,01-JAN-1000,11,DBFO (AREA) 26,AUTOLINK,1300A19/120,L1,63.7,70.42,6.72,DBFO26,ADC,27/09/2018 09:38:44,01-JAN-1000,"linestring(443995.654280531 535034.997080432,443994.722588626 535041.06534341)"
A19_Footway_0,152,2600000152,ASPHALT,61.25940183,1.5,443999.875751814,534972.814879902,443996.99822549,535031.937956097,01-JAN-1000,11,DBFO (AREA) 26,AUTOLINK,1300A19/120,L2,0.98,60.44,59.46,DBFO26,ADC,27/09/2018 09:38:44,01-JAN-1000,"linestring(443999.875751814 534972.814879902,443996.99822549 535031.937956097)"
A19_Footway_0,153,2600000153,ASPHALT,41.554776613,1.7,444899.123340806,532750.061136542,444887.530784898,532789.939721416,01-JAN-1000,11,DBFO (AREA) 26,AUTOLINK,0700A19/265,L2,31.32,72.9,41.58,DBFO26,ADC,27/09/2018 09:38:44,01-JAN-1000,"linestring(444899.123340806 532750.061136542,444887.530784898 532789.939721416)"
A19_Footway_0,154,2600000154,CONCRETE,41.26300641,2.5,445152.906321498,530255.815107041,445167.590775319,530294.374069653,01-JAN-1000,11,DBFO (AREA) 26,AUTOLINK,0700A19/274,L1,910.87,952.08,41.21,DBFO26,ADC,27/09/2018 09:38:44,01-JAN-1000,"linestring(445152.906321498 530255.815107041,445167.590775319 530294.374069653)"
A19_Footway_0,155,2600000155,CONCRETE,85.526669622,3,443920.187236272,504766.37138441,443913.343835558,504851.566997419,01-JAN-1000,11,DBFO (AREA) 26,AUTOLINK,2700A19/940,L2,1096.79,1182.04,85.25,DBFO26,ADC,27/09/2018 09:38:44,01-JAN-1000,"linestring(443920.187236272 504766.37138441,443913.343835558 504851.566997419)"
A19_Footway_0,156,2600000156,CONCRETE,43.364824199,1,444185.340156223,503391.754864296,444183.122234786,503435.062467623,01-JAN-1000,11,DBFO (AREA) 26,AUTOLINK,2700A19/934,L1,497.62,541.44,43.8200000000001,DBFO26,ADC,27/09/2018 09:38:44,01-JAN-1000,"linestring(444185.340156223 503391.754864296,444183.122234786 503435.062467623)"
A19_Footway_0,157,2600000157,CONCRETE,45.197135682,2,444214.964660759,502870.624036444,444212.812699812,502915.751118951,01-JAN-1000,11,DBFO (AREA) 26,AUTOLINK,2700A19/928,L1,1716.58,1742.82,26.24,DBFO26,ADC,27/09/2018 09:38:44,01-JAN-1000,"linestring(444214.964660759 502870.624036444,444212.812699812 502915.751118951)"
A19_Footway_0,158,2600000158,ASPHALT,125.434109497,3,446242.095383075,520746.407146755,446357.905511301,520702.65966934,01-JAN-1000,11,DBFO (AREA) 26,AUTOLINK,0700A19/340,L2,943.42,1067,123.58,DBFO26,ADC,27/09/2018 09:38:44,01-JAN-1000,"linestring(446242.095383075 520746.407146755,446357.905511301 520702.65966934)"
A19_Footway_0,159,2600000159,ASPHALT,3.247067028,3,446239.440473401,520748.276611626,446242.095383075,520746.407146755,01-JAN-1000,11,DBFO (AREA) 26,AUTOLINK,0700A19/340,L2,940.23,943.42,3.18999999999994,DBFO26,ADC,27/09/2018 09:38:44,01-JAN-1000,"linestring(446239.440473401 520748.276611626,446242.095383075 520746.407146755)"
A19_Footway_0,160,2600000160,ASPHALT,185.995419968,3,446070.812483761,520823.345123488,446239.440473401,520748.276611626,01-JAN-1000,11,DBFO (AREA) 26,AUTOLINK,0700A19/340,L1,0,940.23,940.23,DBFO26,ADC,27/09/2018 09:38:44,01-JAN-1000,"linestring(446070.812483761 520823.345123488,446239.440473401 520748.276611626)"
A19_Footway_0,161,2600000161,ASPHALT,750.216990073,3,445468.873553014,521256.251205411,446070.812483761,520823.345123488,01-JAN-1000,11,DBFO (AREA) 26,AUTOLINK,0700A19/340,L2,0,755.39,755.39,DBFO26,ADC,27/09/2018 09:38:44,01-JAN-1000,"linestring(445468.873553014 521256.251205411,446070.812483761 520823.345123488)"
A19_Footway_0,162,2600000162,ASPHALT,0.583688386,3,445468.527260448,521256.721070914,445468.873553014,521256.251205411,01-JAN-1000,11,DBFO (AREA) 26,AUTOLINK,0700A19/342,L2,865.58,866,0.419999999999959,DBFO26,ADC,27/09/2018 09:38:44,01-JAN-1000,"linestring(445468.527260448 521256.721070914,445468.873553014 521256.251205411)"
A19_Footway_0,163,2600000163,CONCRETE,23.233731785,1,445261.279404611,521796.156659083,445263.621001963,521773.183235157,01-JAN-1000,11,DBFO (AREA) 26,AUTOLINK,0700A19/342,L2,276.46,299.97,23.5100000000001,DBFO26,ADC,27/09/2018 09:38:44,01-JAN-1000,"linestring(445261.279404611 521796.156659083,445263.621001963 521773.183235157)"
A19_Footway_0,164,2600000164,CONCRETE,4.071476425,2,445260.248771973,521800.095531592,445261.279404611,521796.156659083,01-JAN-1000,11,DBFO (AREA) 26,AUTOLINK,0700A19/342,L2,272.41,276.46,4.04999999999996,DBFO26,ADC,27/09/2018 09:38:44,01-JAN-1000,"linestring(445260.248771973 521800.095531592,445261.279404611 521796.156659083)"
A19_Footway_0,165,2600000165,ASPHALT,139.643935426,2,440988.936093854,538915.436316255,440964.687369155,538778.185603863,01-JAN-1000,11,DBFO (AREA) 26,AUTOLINK,1300A19/640,L2,699.56,841,141.44,DBFO26,ADC,27/09/2018 09:38:44,01-JAN-1000,"linestring(440988.936093854 538915.436316255,440964.687369155 538778.185603863)"
A19_Footway_0,166,2600000166,ASPHALT,60.255233251,2,441002.565179854,538974.129515502,440988.936093854,538915.436316255,01-JAN-1000,11,DBFO (AREA) 26,AUTOLINK,1300A19/640,L1,638.08,699.56,61.4799999999999,DBFO26,ADC,27/09/2018 09:38:44,01-JAN-1000,"linestring(441002.565179854 538974.129515502,440988.936093854 538915.436316255)"
A19_Footway_0,167,2600000167,ASPHALT,564.289541812,1.8,441133.6534063,539522.812456643,441002.565179854,538974.129515502,01-JAN-1000,11,DBFO (AREA) 26,AUTOLINK,1300A19/640,L2,64.15,638.08,573.93,DBFO26,ADC,27/09/2018 09:38:44,01-JAN-1000,"linestring(441133.6534063 539522.812456643,441002.565179854 538974.129515502)"
A19_Footway_0,168,2600000168,ASPHALT,33.909201503,1.8,441159.402732119,539544.876140979,441133.6534063,539522.812456643,01-JAN-1000,11,DBFO (AREA) 26,AUTOLINK,1300A19/640,L2,36.28,64.15,27.87,DBFO26,ADC,27/09/2018 09:38:44,01-JAN-1000,"linestring(441159.402732119 539544.876140979,441133.6534063 539522.812456643)"
A19_Footway_0,169,2600000169,ASPHALT,84.228030979,1,441174.565399484,539698.00230907,441162.873902842,539614.816120869,01-JAN-1000,11,DBFO (AREA) 26,AUTOLINK,1300A19/635,L2,750.61,834.64,84.03,DBFO26,ADC,27/09/2018 09:38:44,01-JAN-1000,"linestring(441174.565399484 539698.00230907,441162.873902842 539614.816120869)"
A19_Footway_0,170,2600000170,ASPHALT,74.258830759,1.9,441194.279340577,539769.251914083,441174.565399484,539698.00230907,01-JAN-1000,11,DBFO (AREA) 26,AUTOLINK,1300A19/635,L2,676.4,750.61,74.21,DBFO26,ADC,27/09/2018 09:38:44,01-JAN-1000,"linestring(441194.279340577 539769.251914083,441174.565399484 539698.00230907)"
A19_Footway_0,171,2600000171,ASPHALT,57.360280568,2,441450.222527277,541858.753800389,441458.121295812,541801.940063152,01-JAN-1000,11,DBFO (AREA) 26,AUTOLINK,1300A19/610,L1,347.18,400.99,53.81,DBFO26,ADC,27/09/2018 09:38:44,01-JAN-1000,"linestring(441450.222527277 541858.753800389,441458.121295812 541801.940063152)"
A19_Footway_0,172,2600000172,ASPHALT,80.795174957,2,441440.971568721,541938.940847086,441450.222527277,541858.753800389,01-JAN-1000,11,DBFO (AREA) 26,AUTOLINK,1300A19/610,L1,266.96,347.18,80.22,DBFO26,ADC,27/09/2018 09:38:44,01-JAN-1000,"linestring(441440.971568721 541938.940847086,441450.222527277 541858.753800389)"
A19_Footway_0,173,2600000173,ASPHALT,266.85067199,2.2,441412.938360978,542204.314884558,441440.971568721,541938.940847086,01-JAN-1000,11,DBFO (AREA) 26,AUTOLINK,1300A19/610,L1,2.1,266.96,264.86,DBFO26,ADC,27/09/2018 09:38:44,01-JAN-1000,"linestring(441412.938360978 542204.314884558,441440.971568721 541938.940847086)"
A19_Footway_0,174,2600000174,ASPHALT,51.005353835,2,433753.062226467,560971.31288726,433795.903563949,560997.435409766,01-JAN-1000,11,DBFO (AREA) 26,AUTOLINK,4520A19/90,L1,151.7,195.58,43.88,DBFO26,ADC,27/09/2018 09:38:44,01-JAN-1000,"linestring(433753.062226467 560971.31288726,433795.903563949 560997.435409766)"
A19_Footway_0,175,2600000175,ASPHALT,16.674229165,1,433740.933741588,560910.620260344,433740.216421272,560927.245501418,01-JAN-1000,11,DBFO (AREA) 26,AUTOLINK,4520A19/90,L2,92.71,108.36,15.65,DBFO26,ADC,27/09/2018 09:38:44,01-JAN-1000,"linestring(433740.933741588 560910.620260344,433740.216421272 560927.245501418)"
A19_Footway_0,176,2600000176,ASPHALT,45.787177982,2,433846.717875515,560989.557664747,433877.875961416,560957.56682203,01-JAN-1000,11,DBFO (AREA) 26,AUTOLINK,4520A19/90,L1,243.57,282.97,39.4,DBFO26,ADC,27/09/2018 09:38:44,01-JAN-1000,"linestring(433846.717875515 560989.557664747,433877.875961416 560957.56682203)"
A19_Footway_0,177,2600000177,ASPHALT,72.355191607,1.8,433666.752926861,564109.50458923,433654.500766065,564180.814177072,01-JAN-1000,11,DBFO (AREA) 26,AUTOLINK,4520A19/22,L2,537.62,611,73.38,DBFO26,ADC,27/09/2018 09:38:44,01-JAN-1000,"linestring(433666.752926861 564109.50458923,433654.500766065 564180.814177072)"
A19_Footway_0,178,2600000178,ASPHALT,22.44504379,1.8,433670.372508684,564068.316379232,433669.655188368,564090.749957687,01-JAN-1000,11,DBFO (AREA) 26,AUTOLINK,4520A19/22,L2,495.59,518.33,22.7400000000001,DBFO26,ADC,27/09/2018 09:38:44,01-JAN-1000,"linestring(433670.372508684 564068.316379232,433669.655188368 564090.749957687)"
A19_Footway_0,179,2600000179,ASPHALT,407.690339957,1.8,433734.939582167,563661.68277689,433668.533860059,564063.377792888,01-JAN-1000,11,DBFO (AREA) 26,AUTOLINK,4520A19/22,L2,77.51,490.86,413.35,DBFO26,ADC,27/09/2018 09:38:44,01-JAN-1000,"linestring(433734.939582167 563661.68277689,433668.533860059 564063.377792888)"
A19_Footway_0,180,2600000180,ASPHALT,16.159059033,1.8,433744.808920305,563599.370613561,433748.123434868,563615.186086429,01-JAN-1000,11,DBFO (AREA) 26,AUTOLINK,4520A19/22,L2,12.56,28.71,16.15,DBFO26,ADC,27/09/2018 09:38:44,01-JAN-1000,"linestring(433744.808920305 563599.370613561,433748.123434868 563615.186086429)"
A19_Footway_0,181,2600000181,ASPHALT,7.365531188,1.8,433743.49795559,563592.122688258,433744.808920305,563599.370613561,01-JAN-1000,11,DBFO (AREA) 26,AUTOLINK,4520A19/22,L3,0.98,12.56,11.58,DBFO26,ADC,27/09/2018 09:38:44,01-JAN-1000,"linestring(433743.49795559 563592.122688258,433744.808920305 563599.370613561)"
A19_Footway_0,182,2600000182,ASPHALT,6.413965146,1.8,433755.717136142,563589.8133493,433755.065776315,563596.191523566,01-JAN-1000,11,DBFO (AREA) 26,AUTOLINK,4520A19/22,L1,0.2,7.6,7.4,DBFO26,ADC,27/09/2018 09:38:44,01-JAN-1000,"linestring(433755.717136142 563589.8133493,433755.065776315 563596.191523566)"
A19_Footway_0,183,2600000183,ASPHALT,8.72616923,1.4,433767.342672294,563494.560615111,433760.845564147,563500.37894963,01-JAN-1000,11,DBFO (AREA) 26,AUTOLINK,4520A19/24,L2,570.58,577,6.41999999999996,DBFO26,ADC,27/09/2018 09:38:44,01-JAN-1000,"linestring(433767.342672294 563494.560615111,433760.845564147 563500.37894963)"
A19_Footway_0,184,2600000184,ASPHALT,188.80997792,1.4,433899.750108517,562600.74646675,433938.971864175,562784.93374369,01-JAN-1000,11,DBFO (AREA) 26,AUTOLINK,4520A19/56,L2,37.96,225.91,187.95,DBFO26,ADC,27/09/2018 09:38:44,01-JAN-1000,"linestring(433899.750108517 562600.74646675,433938.971864175 562784.93374369)"
A19_Footway_0,185,2600000185,ASPHALT,37.805304036,2,433864.27985566,562588.370009474,433899.750108517,562600.74646675,01-JAN-1000,11,DBFO (AREA) 26,AUTOLINK,4520A19/56,L1,0,37.96,37.96,DBFO26,ADC,27/09/2018 09:38:44,01-JAN-1000,"linestring(433864.27985566 562588.370009474,433899.750108517 562600.74646675)"
A19_Footway_0,186,2600000186,ASPHALT,154.125523221,2,433769.156585737,562473.932766794,433864.27985566,562588.370009474,01-JAN-1000,11,DBFO (AREA) 26,AUTOLINK,4520A19/60,L1,0.72,161,160.28,DBFO26,ADC,27/09/2018 09:38:44,01-JAN-1000,"linestring(433769.156585737 562473.932766794,433864.27985566 562588.370009474)"
A19_Footway_0,187,2600000187,ASPHALT,17.668232272,1.6,434077.629056712,559834.80820834,434084.249840776,559851.123538126,01-JAN-1000,11,DBFO (AREA) 26,AUTOLINK,4525A19/166,L1,0.2,17.94,17.74,DBFO26,ADC,27/09/2018 09:38:44,01-JAN-1000,"linestring(434077.629056712 559834.80820834,434084.249840776 559851.123538126)"
A19_Footway_0,188,2600000188,CONCRETE,16.126997694,1,434570.972287696,557322.8772411,434577.502376088,557337.623020165,01-JAN-1000,11,DBFO (AREA) 26,AUTOLINK,4525A19/174,L1,0,16.03,16.03,DBFO26,ADC,27/09/2018 09:38:44,01-JAN-1000,"linestring(434570.972287696 557322.8772411,434577.502376088 557337.623020165)"
A19_Footway_0,189,2600000189,ASPHALT,7.443334879,1,434096.155709006,559840.74650852,434092.527882122,559847.124682786,01-JAN-1000,11,DBFO (AREA) 26,AUTOLINK,4525A19/166,R2,11.31,16.45,5.14,DBFO26,ADC,27/09/2018 09:38:44,01-JAN-1000,"linestring(434096.155709006 559840.74650852,434092.527882122 559847.124682786)"
A19_Footway_0,190,2600000190,BLOCK PAVING,9.160992228,1,434637.905693715,557221.746189563,434635.341479713,557230.373719958,01-JAN-1000,11,DBFO (AREA) 26,AUTOLINK,4525A19/173,R2,318.13,326.14,8.00999999999999,DBFO26,ADC,27/09/2018 09:38:44,01-JAN-1000,"linestring(434637.905693715 557221.746189563,434635.341479713 557230.373719958)"
A19_Footway_0,191,2600000191,ASPHALT,8.884952128,1.8,434772.935059368,555190.937502502,434778.7148472,555197.685570888,01-JAN-1000,11,DBFO (AREA) 26,AUTOLINK,4525A19/184,L2,0.17,9.02,8.85,DBFO26,ADC,27/09/2018 09:38:44,01-JAN-1000,"linestring(434772.935059368 555190.937502502,434778.7148472 555197.685570888)"
A19_Footway_0,192,2600000192,ASPHALT,11.305069817,1.8,434787.528817517,555077.879864914,434781.246080958,555087.247183547,01-JAN-1000,11,DBFO (AREA) 26,AUTOLINK,4525A19/183,L1,417.63,429,11.37,DBFO26,ADC,27/09/2018 09:38:44,01-JAN-1000,"linestring(434787.528817517 555077.879864914,434781.246080958 555087.247183547)"
A19_Footway_0,193,2600000193,ASPHALT,8.173108957,1.2,435554.278274614,552362.067258186,435552.909594471,552370.124951696,01-JAN-1000,11,DBFO (AREA) 26,AUTOLINK,4525A19/192,L1,0,8.3,8.3,DBFO26,ADC,27/09/2018 09:38:44,01-JAN-1000,"linestring(435554.278274614 552362.067258186,435552.909594471 552370.124951696)"
A19_Footway_0,194,2600000194,ASPHALT,23.91092279,1,435665.034180385,552275.691982852,435642.657084556,552283.439765072,01-JAN-1000,11,DBFO (AREA) 26,AUTOLINK,1300A19/330,L1,361.93,387,25.07,DBFO26,ADC,27/09/2018 09:38:44,01-JAN-1000,"linestring(435665.034180385 552275.691982852,435642.657084556 552283.439765072)"
A19_Footway_0,195,2600000195,ASPHALT,35.098882033,2.2,441021.058851904,546583.251427011,440991.871335606,546601.626167297,01-JAN-1000,11,DBFO (AREA) 26,AUTOLINK,1300A19/258,R1,397.54,426.64,29.1,DBFO26,ADC,27/09/2018 09:38:44,01-JAN-1000,"linestring(441021.058851904 546583.251427011,440991.871335606 546601.626167297)"
A19_Footway_0,196,2600000196,ASPHALT,33.740663762,2,441013.564091363,546573.314271492,440982.249349301,546583.001498552,01-JAN-1000,11,DBFO (AREA) 26,AUTOLINK,1300A19/258,L2,398.65,433,34.35,DBFO26,ADC,27/09/2018 09:38:44,01-JAN-1000,"linestring(441013.564091363 546573.314271492,440982.249349301 546583.001498552)"
A19_Footway_0,197,2600000197,ASPHALT,25.406921011,3.2,440639.502159328,543604.564067399,440658.094772111,543621.879111019,01-JAN-1000,11,DBFO (AREA) 26,AUTOLINK,1300A19/220,L1,0.27,25.25,24.98,DBFO26,ADC,27/09/2018 09:38:44,01-JAN-1000,"linestring(440639.502159328 543604.564067399,440658.094772111 543621.879111019)"
A19_Footway_0,198,2600000198,ASPHALT,19.901058268,2,440689.722826495,543615.370973954,440698.470836323,543597.496090586,01-JAN-1000,11,DBFO (AREA) 26,AUTOLINK,1300A19/215,L1,568.52,589,20.48,DBFO26,ADC,27/09/2018 09:38:44,01-JAN-1000,"linestring(440689.722826495 543615.370973954,440698.470836323 543597.496090586)"
A19_Footway_0,199,2600000199,ASPHALT,60.624817464,2,441431.341337355,541295.185120246,441431.811305838,541355.807767194,01-JAN-1000,11,DBFO (AREA) 26,AUTOLINK,1300A19/175,L1,77.32,139.43,62.11,DBFO26,ADC,27/09/2018 09:38:44,01-JAN-1000,"linestring(441431.341337355 541295.185120246,441431.811305838 541355.807767194)"
A19_Footway_0,200,2600000200,ASPHALT,20.311926155,2.6,441432.998594637,541274.940915089,441431.341337355,541295.185120246,01-JAN-1000,11,DBFO (AREA) 26,AUTOLINK,1300A19/175,L1,56.39,77.32,20.93,DBFO26,ADC,27/09/2018 09:38:44,01-JAN-1000,"linestring(441432.998594637 541274.940915089,441431.341337355 541295.185120246)"
A19_Footway_0,201,2600000201,ASPHALT,39.376207041,2,441428.785368414,541236.06204405,441432.998594637,541274.940915089,01-JAN-1000,11,DBFO (AREA) 26,AUTOLINK,1300A19/175,L2,14.2,56.39,42.19,DBFO26,ADC,27/09/2018 09:38:44,01-JAN-1000,"linestring(441428.785368414 541236.06204405,441432.998594637 541274.940915089)"
A19_Footway_0,202,2600000202,ASPHALT,13.486321747,3,441420.878354818,541225.185157527,441428.785368414,541236.06204405,01-JAN-1000,11,DBFO (AREA) 26,AUTOLINK,1300A19/175,L2,0,14.2,14.2,DBFO26,ADC,27/09/2018 09:38:44,01-JAN-1000,"linestring(441420.878354818 541225.185157527,441428.785368414 541236.06204405)"
A19_Footway_0,203,2600000203,ASPHALT,12.300407914,3.3,441427.251787049,541096.252064241,441421.059746162,541106.749059507,01-JAN-1000,11,DBFO (AREA) 26,AUTOLINK,1300A19/165,L1,607.89,621,13.11,DBFO26,ADC,27/09/2018 09:38:44,01-JAN-1000,"linestring(441427.251787049 541096.252064241,441421.059746162 541106.749059507)"
A19_Footway_0,204,2600000204,CONCRETE,59.666219687,1.5,433786.124921483,560816.877094046,433758.784298871,560867.252674186,01-JAN-1000,11,DBFO (AREA) 26,AUTOLINK,4525A19/159,L1,57.37,118,60.63,DBFO26,ADC,27/09/2018 09:38:44,01-JAN-1000,"linestring(433786.124921483 560816.877094046,433758.784298871 560867.252674186)"
A19_Footway_0,205,2600000205,CONCRETE,41.901346742,1.2,433789.686787878,560775.129044301,433786.124921483,560816.877094046,01-JAN-1000,11,DBFO (AREA) 26,AUTOLINK,4525A19/159,L1,14.89,57.37,42.48,DBFO26,ADC,27/09/2018 09:38:44,01-JAN-1000,"linestring(433789.686787878 560775.129044301,433786.124921483 560816.877094046)"
A19_Footway_0,206,2600000206,ASPHALT,215.998434414,1.3,441423.252932415,541871.310206155,441400.785140915,542086.058735029,01-JAN-1000,11,DBFO (AREA) 26,AUTOLINK,1300A19/185,L1,86.42,302.31,215.89,DBFO26,ADC,27/09/2018 09:38:44,01-JAN-1000,"linestring(441423.252932415 541871.310206155,441400.785140915 542086.058735029)"
A19_Footway_0,207,2600000207,ASPHALT,49.89599517,1,441080.654153542,539471.877036756,441098.875738576,539518.253761556,01-JAN-1000,11,DBFO (AREA) 26,AUTOLINK,1300A19/155,L2,661.16,710.97,49.8100000000001,DBFO26,ADC,27/09/2018 09:38:44,01-JAN-1000,"linestring(441080.654153542 539471.877036756,441098.875738576 539518.253761556)"
A19_Footway_0,208,2600000208,ASPHALT,125.434109497,3,446242.095383075,520746.407146755,446357.905511301,520702.65966934,01-JAN-1000,11,DBFO (AREA) 26,AUTOLINK,0700A19/340,L2,943.42,1067,123.58,DBFO26,ADC,27/09/2018 09:38:44,01-JAN-1000,"linestring(446242.095383075 520746.407146755,446357.905511301 520702.65966934)"
A19_Footway_0,209,2600000209,ASPHALT,3.247067028,3,446239.440473401,520748.276611626,446242.095383075,520746.407146755,01-JAN-1000,11,DBFO (AREA) 26,AUTOLINK,0700A19/340,L2,940.23,943.42,3.18999999999994,DBFO26,ADC,27/09/2018 09:38:44,01-JAN-1000,"linestring(446239.440473401 520748.276611626,446242.095383075 520746.407146755)"
A19_Footway_0,210,2600000210,ASPHALT,185.995419968,3,446070.812483761,520823.345123488,446239.440473401,520748.276611626,01-JAN-1000,11,DBFO (AREA) 26,AUTOLINK,0700A19/340,L1,0,940.23,940.23,DBFO26,ADC,27/09/2018 09:38:44,01-JAN-1000,"linestring(446070.812483761 520823.345123488,446239.440473401 520748.276611626)"
A19_Footway_0,211,2600000211,ASPHALT,750.216990073,3,445468.873553014,521256.251205411,446070.812483761,520823.345123488,01-JAN-1000,11,DBFO (AREA) 26,AUTOLINK,0700A19/340,L2,0,755.39,755.39,DBFO26,ADC,27/09/2018 09:38:44,01-JAN-1000,"linestring(445468.873553014 521256.251205411,446070.812483761 520823.345123488)"
A19_Footway_0,212,2600000212,ASPHALT,0.583688386,3,445468.527260448,521256.721070914,445468.873553014,521256.251205411,01-JAN-1000,11,DBFO (AREA) 26,AUTOLINK,0700A19/342,L2,865.58,866,0.419999999999959,DBFO26,ADC,27/09/2018 09:38:44,01-JAN-1000,"linestring(445468.527260448 521256.721070914,445468.873553014 521256.251205411)"
A19_Footway_0,213,2600000213,CONCRETE,23.233731785,1,445261.279404611,521796.156659083,445263.621001963,521773.183235157,01-JAN-1000,11,DBFO (AREA) 26,AUTOLINK,0700A19/342,L2,276.46,299.97,23.5100000000001,DBFO26,ADC,27/09/2018 09:38:44,01-JAN-1000,"linestring(445261.279404611 521796.156659083,445263.621001963 521773.183235157)"
A19_Footway_0,214,2600000214,CONCRETE,4.071476425,2,445260.248771973,521800.095531592,445261.279404611,521796.156659083,01-JAN-1000,11,DBFO (AREA) 26,AUTOLINK,0700A19/342,L2,272.41,276.46,4.04999999999996,DBFO26,ADC,27/09/2018 09:38:44,01-JAN-1000,"linestring(445260.248771973 521800.095531592,445261.279404611 521796.156659083)"
A19_Footway_0,215,2600000215,BLOCK PAVING,45.726981723,0.5,444013.216260676,524459.814195044,444020.216317551,524505.001260382,01-JAN-1000,11,DBFO (AREA) 26,AUTOLINK,0700A19/243,L2,806.4,851.77,45.37,DBFO26,ADC,27/09/2018 09:38:44,01-JAN-1000,"linestring(444013.216260676 524459.814195044,444020.216317551 524505.001260382)"
A19_Footway_0,216,2600000216,BLOCK PAVING,57.136479265,0.5,444223.597239732,523639.808919113,444192.406173586,523687.655223251,01-JAN-1000,11,DBFO (AREA) 26,AUTOLINK,0700A19/233,L2,649.46,700.08,50.62,DBFO26,ADC,27/09/2018 09:38:44,01-JAN-1000,"linestring(444223.597239732 523639.808919113,444192.406173586 523687.655223251)"
A19_Footway_0,217,2600000217,CONCRETE,98.549143514,1.5,445776.035059275,520928.904907314,445693.246400758,520982.309620374,01-JAN-1000,11,DBFO (AREA) 26,AUTOLINK,0700A19/339,L1,535.03,632.35,97.3200000000001,DBFO26,ADC,27/09/2018 09:38:44,01-JAN-1000,"linestring(445776.035059275 520928.904907314,445693.246400758 520982.309620374)"
A19_Footway_0,218,2600000218,CONCRETE,50.303401287,1,447166.721270136,517783.625234256,447190.747378185,517827.812585758,01-JAN-1000,11,DBFO (AREA) 26,AUTOLINK,0700A19/381,L2,418.34,469.29,50.9500000000001,DBFO26,ADC,27/09/2018 09:38:44,01-JAN-1000,"linestring(447166.721270136 517783.625234256,447190.747378185 517827.812585758)"
A19_Footway_0,219,2600000219,CONCRETE,3.407071059,1,447163.060463007,517781.685789416,447164.783680777,517784.62494809,01-JAN-1000,11,DBFO (AREA) 26,AUTOLINK,0700A19/381,L2,415.01,418.44,3.43000000000001,DBFO26,ADC,27/09/2018 09:38:44,01-JAN-1000,"linestring(447163.060463007 517781.685789416,447164.783680777 517784.62494809)"
A19_Footway_0,220,2600000220,CONCRETE,10.124244318,1,447051.529521493,517526.498835921,447049.814548783,517534.186635312,01-JAN-1000,11,DBFO (AREA) 26,AUTOLINK,0700A19/381,L2,133.35,139.88,6.53,DBFO26,ADC,27/09/2018 09:38:44,01-JAN-1000,"linestring(447051.529521493 517526.498835921,447049.814548783 517534.186635312)"
A19_Footway_0,221,2600000221,ASPHALT,41.560179197,3,446950.222455743,517343.221298571,446982.24627306,517369.533766705,01-JAN-1000,11,DBFO (AREA) 26,AUTOLINK,0700A19/377,L1,0,41.66,41.66,DBFO26,ADC,27/09/2018 09:38:44,01-JAN-1000,"linestring(446950.222455743 517343.221298571,446982.24627306 517369.533766705)"
A19_Footway_0,222,2600000222,ASPHALT,27.490363811,3,446948.128210224,517248.378447055,446939.404935579,517274.031104058,01-JAN-1000,11,DBFO (AREA) 26,AUTOLINK,0700A19/375,L1,35.99,61,25.01,DBFO26,ADC,27/09/2018 09:38:44,01-JAN-1000,"linestring(446948.128210224 517248.378447055,446939.404935579 517274.031104058)"
A19_Footway_0,223,2600000223,CONCRETE,6.789785401,1,446778.279951541,518663.153471916,446781.94075867,518668.871835052,01-JAN-1000,11,DBFO (AREA) 26,AUTOLINK,0700A66/180,L2,35.210214599,42,6.789785401,DBFO26,ADC,27/09/2018 09:38:44,01-JAN-1000,"linestring(446778.279951541 518663.153471916,446781.94075867 518668.871835052)"
A19_Footway_0,224,2600000224,CONCRETE,73.784110712,1.5,445258.063830781,527966.060542468,445273.531565407,527893.941186418,01-JAN-1000,11,DBFO (AREA) 26,AUTOLINK,0700A19/277,L1,0,1501.84,1501.84,DBFO26,ADC,27/09/2018 09:38:44,01-JAN-1000,"linestring(445258.063830781 527966.060542468,445273.531565407 527893.941186418)"
A19_Footway_0,225,2600000225,CONCRETE,75.057883861,1.5,445249.96718078,528038.559789774,445258.063830781,527966.060542468,01-JAN-1000,11,DBFO (AREA) 26,AUTOLINK,0700A19/277,L2,1355.34,1428.12,72.78,DBFO26,ADC,27/09/2018 09:38:44,01-JAN-1000,"linestring(445249.96718078 528038.559789774,445258.063830781 527966.060542468)"
A19_Footway_0,226,2600000226,CONCRETE,110.201744689,1,445090.84574659,528913.309395304,445109.438359373,528804.690487143,01-JAN-1000,11,DBFO (AREA) 26,AUTOLINK,0700A19/277,L2,466.37,576.56,110.19,DBFO26,ADC,27/09/2018 09:38:44,01-JAN-1000,"linestring(445090.84574659 528913.309395304,445109.438359373 528804.690487143)"
A19_Footway_0,227,2600000227,ASPHALT,87.331289621,1.5,445153.029997414,531840.81140657,445167.129051897,531754.626076864,01-JAN-1000,11,DBFO (AREA) 26,AUTOLINK,0700A19/262,L2,71.17,158.55,87.38,DBFO26,ADC,27/09/2018 09:38:44,01-JAN-1000,"linestring(445153.029997414 531840.81140657,445167.129051897 531754.626076864)"
A19_Footway_0,228,2600000228,ASPHALT,5.326283686,2.5,445152.123040693,531846.059904203,445153.029997414,531840.81140657,01-JAN-1000,11,DBFO (AREA) 26,AUTOLINK,0700A19/262,L1,65.84,71.17,5.33,DBFO26,ADC,27/09/2018 09:38:44,01-JAN-1000,"linestring(445152.123040693 531846.059904203,445153.029997414 531840.81140657)"
A19_Footway_0,229,2600000229,ASPHALT,63.563415516,1.5,445154.283246702,531906.002745743,445152.123040693,531846.059904203,01-JAN-1000,11,DBFO (AREA) 26,AUTOLINK,0700A19/262,L2,7.41,65.84,58.43,DBFO26,ADC,27/09/2018 09:38:44,01-JAN-1000,"linestring(445154.283246702 531906.002745743,445152.123040693 531846.059904203)"
A19_Footway_0,230,2600000230,CONCRETE,22.216474123,2.5,444962.346469329,532652.129169276,444967.095624523,532630.435379059,01-JAN-1000,11,DBFO (AREA) 26,AUTOLINK,0700A19/264,L2,80.13,102.3,22.17,DBFO26,ADC,27/09/2018 09:38:44,01-JAN-1000,"linestring(444962.346469329 532652.129169276,444967.095624523 532630.435379059)"
A19_Footway_0,231,2600000231,CONCRETE,59.624448127,1.5,444954.002467495,532709.87264038,444962.346469329,532652.129169276,01-JAN-1000,11,DBFO (AREA) 26,AUTOLINK,0700A19/264,L2,22.17,80.13,57.96,DBFO26,ADC,27/09/2018 09:38:44,01-JAN-1000,"linestring(444954.002467495 532709.87264038,444962.346469329 532652.129169276)"
A19_Footway_0,232,2600000232,CONCRETE,25.337238097,1,444935.657206545,532755.309634175,444953.433558279,532737.254802317,01-JAN-1000,11,DBFO (AREA) 26,AUTOLINK,0700A19/266,L2,1156.68,1178.58,21.8999999999999,DBFO26,ADC,27/09/2018 09:38:44,01-JAN-1000,"linestring(444935.657206545 532755.309634175,444953.433558279 532737.254802317)"
A19_Footway_0,233,2600000233,ASPHALT,41.421463798,1.5,444016.407099322,535085.87251749,444025.311765311,535045.434092868,01-JAN-1000,11,DBFO (AREA) 26,AUTOLINK,1300A19/675,L2,1552.01,1593.98,41.97,DBFO26,ADC,27/09/2018 09:38:44,01-JAN-1000,"linestring(444016.407099322 535085.87251749,444025.311765311 535045.434092868)"
A19_Footway_0,234,2600000234,ASPHALT,13.869080232,1.5,444012.968908843,535099.308671431,444016.407099322,535085.87251749,01-JAN-1000,11,DBFO (AREA) 26,AUTOLINK,1300A19/675,L1,1537.89,1552.01,14.1199999999999,DBFO26,ADC,27/09/2018 09:38:44,01-JAN-1000,"linestring(444012.968908843 535099.308671431,444016.407099322 535085.87251749)"
A19_Footway_0,235,2600000235,ASPHALT,25.900750777,1,443365.90475869,536309.122365863,443376.375986288,536285.439145114,01-JAN-1000,11,DBFO (AREA) 26,AUTOLINK,1300A19/675,L2,134.23,160.56,26.33,DBFO26,ADC,27/09/2018 09:38:44,01-JAN-1000,"linestring(443365.90475869 536309.122365863,443376.375986288 536285.439145114)"
A19_Footway_0,236,2600000236,ASPHALT,17.975685913,1,443358.624369738,536325.557661309,443365.90475869,536309.122365863,01-JAN-1000,11,DBFO (AREA) 26,AUTOLINK,1300A19/675,L1,116.25,134.23,17.98,DBFO26,ADC,27/09/2018 09:38:44,01-JAN-1000,"linestring(443358.624369738 536325.557661309,443365.90475869 536309.122365863)"
A19_Footway_0,237,2600000237,ASPHALT,74.319476871,1,443325.8420068,536392.248571234,443358.624369738,536325.557661309,01-JAN-1000,11,DBFO (AREA) 26,AUTOLINK,1300A19/675,L2,40.95,116.25,75.3,DBFO26,ADC,27/09/2018 09:38:44,01-JAN-1000,"linestring(443325.8420068 536392.248571234,443358.624369738 536325.557661309)"
A19_Footway_0,238,2600000238,ASPHALT,446.661732267,1,443066.345198765,536752.875342895,443325.8420068,536392.248571234,01-JAN-1000,11,DBFO (AREA) 26,AUTOLINK,1300A19/670,L2,278.12,690,411.88,DBFO26,ADC,27/09/2018 09:38:44,01-JAN-1000,"linestring(443066.345198765 536752.875342895,443325.8420068 536392.248571234)"
A19_Footway_0,239,2600000239,ASPHALT,52.909756696,1.5,443027.75006775,536789.064983718,443066.345198765,536752.875342895,01-JAN-1000,11,DBFO (AREA) 26,AUTOLINK,1300A19/670,L1,224.5,278.12,53.62,DBFO26,ADC,27/09/2018 09:38:44,01-JAN-1000,"linestring(443027.75006775 536789.064983718,443066.345198765 536752.875342895)"
A19_Footway_0,240,2600000240,ASPHALT,16.37164938,2,443015.621582871,536800.061835901,443027.75006775,536789.064983718,01-JAN-1000,11,DBFO (AREA) 26,AUTOLINK,1300A19/670,L1,207.86,224.5,16.64,DBFO26,ADC,27/09/2018 09:38:44,01-JAN-1000,"linestring(443015.621582871 536800.061835901,443027.75006775 536789.064983718)"
A19_Footway_0,241,2600000241,ASPHALT,36.904455198,2,442989.187916981,536825.814464288,443015.621582871,536800.061835901,01-JAN-1000,11,DBFO (AREA) 26,AUTOLINK,1300A19/670,L2,170.67,207.86,37.19,DBFO26,ADC,27/09/2018 09:38:44,01-JAN-1000,"linestring(442989.187916981 536825.814464288,443015.621582871 536800.061835901)"
A19_Footway_0,242,2600000242,CONCRETE,97.693668917,2,444070.15665264,496385.030518277,444064.566501214,496287.598407928,01-JAN-1000,11,DBFO (AREA) 26,AUTOLINK,2700A19/791,L1,591.59,690.47,98.88,DBFO26,ADC,27/09/2018 09:38:44,01-JAN-1000,"linestring(444070.15665264 496385.030518277,444064.566501214 496287.598407928)"
A19_Footway_0,243,2600000243,ASPHALT,89.890023987,1,443104.404400807,491849.908683398,443102.879064504,491939.782957155,01-JAN-1000,11,DBFO (AREA) 26,AUTOLINK,2700A19/760,L1,807.87,896.68,88.8099999999999,DBFO26,ADC,27/09/2018 09:38:44,01-JAN-1000,"linestring(443104.404400807 491849.908683398,443102.879064504 491939.782957155)"
A19_Footway_0,244,2600000244,ASPHALT,25.245208326,2,437518.441465301,473233.557558476,437500.904220339,473215.402755234,01-JAN-1000,11,DBFO (AREA) 26,AUTOLINK,2700A168/121,L1,519.38,547.02,27.64,DBFO26,ADC,27/09/2018 09:38:44,01-JAN-1000,"linestring(437518.441465301 473233.557558476,437500.904220339 473215.402755234)"